,Player Name,Team,Position,hrs,runs,rbi,ave,sb,adp,score_all_stats,score_correlated_stats,rank_all_stats,rank_correlated_stats,percent_from_corr_stats
0,Mike Trout,LAA,CF,32.0,111,100.0,0.303,21,1,3872,2341,1,1,0.6045971074380165
1,Miguel Cabrera,DET,"1B,3B,DH",30.0,93,108.0,0.313,3,3,3560,2338,29,2,0.6567415730337078
2,Giancarlo Stanton,MIA,RF,37.0,88,100.0,0.27699999999999997,8,4,3704,2335,8,3,0.6303995680345572
3,Jose Bautista,TOR,"1B,CF,RF",32.0,92,94.0,0.271,6,7,3615,2334,15,4,0.645643153526971
4,Jose Dariel Abreu,CWS,"1B,DH",34.0,85,102.0,0.297,3,5,3539,2328,31,5,0.6578129415089008
5,Paul Goldschmidt,ARI,1B,28.0,90,96.0,0.29100000000000004,13,6,3799,2324,3,6,0.6117399315609371
6,Adam Jones,BAL,CF,28.0,87,94.0,0.276,9,9,3705,2319,7,7,0.625910931174089
7,Edwin Encarnacion,TOR,"1B,DH",32.0,82,98.0,0.272,5,14,3571,2318,26,8,0.6491178941472977
8,Anthony Rizzo,CHC,1B,30.0,86,90.0,0.27399999999999997,6,15,3610,2317,16,9,0.6418282548476454
9,Andrew McCutchen,PIT,CF,25.0,93,88.0,0.307,19,2,3836,2312,2,10,0.602711157455683
10,Josh Donaldson,TOR,3B,27.0,86,90.0,0.26899999999999996,6,41,3574,2309,25,11,0.6460548405148293
11,Freddie Freeman,ATL,1B,22.0,87,88.0,0.287,3,20,3486,2284,41,12,0.6551921973608721
12,George Springer,HOU,"CF,RF",29.0,81,82.0,0.244,15,22,3414,2282,54,13,0.6684241359109548
13,Justin Upton,SD,"LF,RF",24.0,82,85.0,0.262,9,23,3577,2280,23,14,0.637405647190383
14,Chris Davis,BAL,"1B,3B",32.0,76,88.0,0.239,3,56,3070,2280,134,15,0.742671009771987
15,Yasiel Puig,LAD,"CF,RF",22.0,92,82.0,0.292,13,8,3753,2276,4,16,0.6064481747934986
16,Yoenis Cespedes,DET,"LF,DH",23.0,80,89.0,0.262,8,24,3549,2275,30,17,0.6410256410256411
17,Evan Longoria,TB,3B,24.0,79,86.0,0.26,3,81,3326,2272,73,18,0.6831028262176789
18,Ryan Braun,MIL,RF,24.0,78,87.0,0.28,12,12,3711,2268,6,19,0.6111560226354082
19,Jay Bruce,CIN,RF,25.0,77,86.0,0.243,10,44,3346,2266,69,20,0.6772265391512253
20,Albert Pujols,LAA,"1B,DH",24.0,75,90.0,0.27,5,45,3502,2261,36,21,0.6456310679611651
21,Nelson Cruz,SEA,"LF,RF,DH",28.0,72,89.0,0.256,5,32,3390,2259,61,22,0.6663716814159292
22,Adrian Gonzalez,LAD,1B,22.0,76,101.0,0.28,1,29,3260,2258,89,23,0.692638036809816
23,Todd Frazier,CIN,"1B,3B",24.0,77,79.0,0.26,12,52,3561,2246,28,24,0.6307217073855659
24,Adrian Beltre,TEX,3B,23.0,77,82.0,0.303,1,48,3282,2245,84,25,0.6840341255332114
25,Carlos Gomez,MIL,CF,23.0,87,69.0,0.272,31,10,3715,2240,5,26,0.6029609690444145
26,Chris Carter,HOU,"1B,LF,DH",32.0,70,84.0,0.23,4,58,2970,2239,164,27,0.7538720538720539
27,Mark Trumbo,ARI,"1B,LF",28.0,69,88.0,0.24600000000000002,4,53,3187,2236,108,28,0.7016002510197679
28,Corey Dickerson,COL,"LF,CF",23.0,79,75.0,0.292,8,18,3648,2236,10,29,0.6129385964912281
29,Robinson Cano,SEA,2B,18.0,81,86.0,0.3,7,16,3619,2233,13,30,0.6170212765957447
30,Matt Holliday,STL,LF,20.0,79,83.0,0.278,4,30,3471,2232,44,31,0.6430423509075195
31,Carlos Santana,CLE,"C,1B,3B,DH",23.0,74,84.0,0.253,4,42,3279,2231,85,32,0.680390362915523
32,David Ortiz,BOS,"1B,DH",28.0,68,89.0,0.27699999999999997,1,43,3216,2230,98,33,0.693407960199005
33,Troy Tulowitzki,COL,SS,24.0,75,76.0,0.31,2,19,3358,2226,67,34,0.6628945801072067
34,Bryce Harper,WSH,"LF,CF,RF",23.0,79,72.0,0.278,9,26,3625,2226,12,35,0.6140689655172413
35,Kyle Seager,SEA,3B,22.0,73,82.0,0.262,7,93,3458,2215,47,36,0.6405436668594563
36,Prince Fielder,TEX,1B,21.0,72,85.0,0.27699999999999997,1,60,3199,2213,103,37,0.6917786808377618
37,Ian Desmond,WSH,SS,22.0,72,81.0,0.265,21,25,3616,2210,14,38,0.6111725663716814
38,Brian Dozier,MIN,2B,19.0,88,67.0,0.245,16,62,3360,2206,66,39,0.656547619047619
39,Adam LaRoche,CWS,1B,24.0,69,81.0,0.25,3,87,3148,2206,114,40,0.7007623888182973
40,Alex Gordon,KC,LF,18.0,81,75.0,0.268,11,37,3574,2205,24,41,0.6169557918298825
41,Brandon Moss,CLE,"1B,LF,RF",27.0,67,78.0,0.247,2,69,3004,2195,155,42,0.7306924101198402
42,Victor Martinez,DET,"1B,DH",20.0,70,86.0,0.306,2,31,3323,2194,74,43,0.6602467649714113
43,Buster Posey,SF,"C,1B",20.0,71,83.0,0.303,2,17,3317,2189,78,44,0.659933675007537
44,Carlos Gonzalez,COL,"LF,RF",23.0,70,74.0,0.275,12,33,3600,2185,18,45,0.6069444444444444
45,Lucas Duda,NYM,1B,24.0,66,77.0,0.245,3,107,3051,2182,140,46,0.7151753523434939
46,Matt Kemp,SD,"LF,CF,RF",20.0,72,75.0,0.27899999999999997,9,38,3583,2180,22,47,0.608428691041027
47,Anthony Rendon,WSH,"2B,3B",17.0,82,69.0,0.28,10,49,3604,2179,17,48,0.6046059933407325
48,Marcell Ozuna,MIA,"LF,CF,RF",21.0,69,77.0,0.262,5,63,3363,2178,65,49,0.647636039250669
49,Ian Kinsler,DET,2B,15.0,89,72.0,0.271,14,39,3588,2177,21,50,0.6067447045707915
50,Hanley Ramirez,BOS,SS,18.0,74,76.0,0.28600000000000003,14,27,3648,2174,11,51,0.5959429824561403
51,Jason Heyward,STL,RF,18.0,83,65.0,0.271,16,34,3593,2172,19,52,0.6045087670470359
52,Michael Brantley,CLE,"LF,CF",14.0,80,80.0,0.299,17,13,3665,2161,9,53,0.5896316507503411
53,Nolan Arenado,COL,3B,19.0,69,75.0,0.287,2,95,3268,2155,88,54,0.6594247246022031
54,Kole Calhoun,LAA,RF,18.0,84,62.0,0.27,7,54,3449,2150,49,55,0.6233690924905769
55,Jorge Soler,CHC,RF,21.0,64,77.0,0.266,3,68,3246,2149,94,56,0.6620455945779421
56,Ryan Zimmerman,WSH,"3B,LF",18.0,69,76.0,0.276,4,59,3375,2149,62,57,0.6367407407407407
57,J.D. Martinez,DET,"LF,RF",21.0,61,77.0,0.275,5,61,3405,2137,57,58,0.6276064610866373
58,Evan Gattis,HOU,C,26.0,59,74.0,0.255,0,76,2811,2137,193,59,0.76022767698328
59,Pedro Alvarez,PIT,"1B,3B",25.0,59,72.0,0.23800000000000002,5,136,3014,2131,151,60,0.7070338420703384
60,Hunter Pence,SF,RF,17.0,72,67.0,0.27,10,64,3498,2128,38,61,0.6083476272155517
61,Neil Walker,PIT,2B,18.0,69,69.0,0.27,3,86,3253,2126,92,62,0.6535505687058101
62,Marlon Byrd,CIN,RF,21.0,62,73.0,0.258,2,89,3072,2124,133,63,0.69140625
63,Curtis Granderson,NYM,"LF,CF,RF",21.0,69,63.0,0.23,8,122,2989,2121,160,64,0.7096018735362998
64,Kris Bryant,CHC,3B,23.0,61,68.0,0.262,7,140,3363,2120,64,65,0.6303895331549212
65,Jayson Werth,WSH,RF,16.0,72,67.0,0.285,8,55,3514,2117,35,66,0.6024473534433694
66,Joey Votto,CIN,1B,18.0,76,61.0,0.28600000000000003,5,77,3429,2116,52,67,0.6170895304753572
67,Pablo Sandoval,BOS,3B,16.0,67,76.0,0.282,0,129,2969,2114,165,68,0.7120242505894241
68,Oswaldo Arcia,MIN,RF,22.0,60,71.0,0.248,2,106,2943,2114,172,69,0.7183146449201495
69,Eric Hosmer,KC,1B,15.0,72,70.0,0.27699999999999997,8,82,3482,2113,42,70,0.6068351522113727
70,Melky Cabrera,CWS,LF,14.0,78,66.0,0.298,8,35,3523,2108,33,71,0.5983536758444508
71,Khris Davis,MIL,LF,21.0,63,66.0,0.254,5,97,3213,2103,99,72,0.6545284780578898
72,Kennys Vargas,MIN,"1B,DH",19.0,60,73.0,0.254,0,150,2763,2099,204,73,0.7596815056098444
73,Jonathan Lucroy,MIL,"C,1B",15.0,68,72.0,0.29100000000000004,5,47,3411,2090,56,74,0.612723541483436
74,Justin Morneau,COL,1B,17.0,60,74.0,0.28800000000000003,1,94,3105,2081,122,75,0.6702093397745572
75,Starlin Castro,CHC,SS,14.0,72,66.0,0.275,9,74,3461,2081,46,76,0.6012713088702687
76,Jacoby Ellsbury,NYY,CF,14.0,80,60.0,0.278,34,21,3591,2081,20,77,0.5795043163464216
77,Javier Baez,CHC,"2B,SS",21.0,60,64.0,0.22399999999999998,11,145,2934,2080,174,78,0.7089297886843899
78,Chase Headley,NYY,"1B,3B",17.0,67,64.0,0.258,8,127,3320,2080,75,79,0.6265060240963856
79,Billy Butler,OAK,"1B,DH",14.0,65,77.0,0.27699999999999997,1,103,3065,2079,136,80,0.6783034257748777
80,Josh Reddick,OAK,RF,17.0,64,67.0,0.251,5,112,3146,2079,115,81,0.6608391608391608
81,Matt Adams,STL,1B,19.0,57,70.0,0.27699999999999997,2,118,3152,2075,112,82,0.6583121827411168
82,Wil Myers,SD,RF,17.0,67,63.0,0.248,8,116,3194,2073,105,83,0.6490294301815904
83,Brian McCann,NYY,"C,1B",21.0,55,69.0,0.248,1,113,2811,2073,194,84,0.7374599786552828
84,Ryan Howard,PHI,1B,19.0,54,75.0,0.23,0,192,2404,2071,275,85,0.8614808652246256
85,Manny Machado,BAL,3B,17.0,69,61.0,0.28,5,138,3365,2069,63,86,0.6148588410104012
86,David Wright,NYM,3B,15.0,66,68.0,0.27899999999999997,10,125,3487,2067,40,87,0.5927731574419272
87,Ben Zobrist,OAK,"2B,SS,LF,CF,RF",12.0,78,64.0,0.267,9,79,3400,2064,59,88,0.6070588235294118
88,Starling Marte,PIT,"LF,CF",14.0,78,58.0,0.278,30,28,3570,2062,27,89,0.5775910364145658
89,Jason Kipnis,CLE,2B,12.0,77,64.0,0.257,25,71,3413,2060,55,90,0.6035745678288895
90,Devin Mesoraco,CIN,C,22.0,53,67.0,0.256,1,102,2897,2060,177,91,0.7110804280289955
91,Charlie Blackmon,COL,"LF,CF,RF",15.0,75,58.0,0.278,19,50,3537,2060,32,92,0.5824144755442465
92,Carlos Beltran,NYY,"RF,DH",19.0,59,64.0,0.256,3,123,3077,2060,131,93,0.6694832629184271
93,Mike Napoli,BOS,1B,20.0,59,63.0,0.239,2,169,2759,2058,205,94,0.7459224356650961
94,Torii Hunter,MIN,RF,14.0,65,71.0,0.27899999999999997,4,80,3299,2056,81,95,0.6232191573204001
95,Trevor Plouffe,MIN,3B,16.0,61,67.0,0.253,2,200,2949,2056,171,96,0.6971854866056291
96,Jedd Gyorko,SD,2B,18.0,59,63.0,0.24,3,164,2848,2043,184,97,0.7173455056179775
97,Gregory Polanco,PIT,RF,13.0,76,60.0,0.257,24,65,3391,2040,60,98,0.6015924506045415
98,Shin-Soo Choo,TEX,"LF,RF,CF,DH",15.0,77,52.0,0.262,9,90,3337,2040,70,99,0.611327539706323
99,Dustin Pedroia,BOS,2B,10.0,82,63.0,0.28300000000000003,10,67,3471,2037,43,100,0.5868625756266206
100,Avisail Garcia,CWS,RF,16.0,59,65.0,0.266,9,99,3354,2031,68,101,0.6055456171735242
101,Salvador Perez,KC,C,16.0,55,70.0,0.275,1,88,3004,2030,156,102,0.6757656458055925
102,Asdrubal Cabrera,TB,"2B,SS",13.0,70,63.0,0.249,10,128,3205,2030,101,103,0.6333853354134166
103,Yan Gomes,CLE,C,18.0,56,63.0,0.267,1,104,2958,2028,170,104,0.6855983772819473
104,Brandon Belt,SF,1B,17.0,60,62.0,0.268,7,135,3310,2024,79,105,0.6114803625377644
105,Aramis Ramirez,MIL,3B,16.0,55,68.0,0.276,3,167,3183,2023,109,106,0.6355639333961671
106,Joc Pederson,LAD,"LF,CF",18.0,62,57.0,0.235,19,117,3062,2022,137,107,0.6603527106466361
107,Chase Utley,PHI,2B,13.0,66,66.0,0.264,9,114,3330,2020,72,108,0.6066066066066066
108,Jhonny Peralta,STL,SS,15.0,57,67.0,0.26,3,142,3073,2019,132,109,0.657012691181256
109,Christian Yelich,MIA,"LF,CF",11.0,86,55.0,0.27399999999999997,19,51,3466,2014,45,110,0.5810732833237161
110,Nick Castellanos,DET,3B,14.0,60,66.0,0.264,4,187,3163,2013,110,111,0.6364211191906418
111,Michael Cuddyer,NYM,"1B,RF",16.0,59,62.0,0.272,7,101,3318,2007,77,112,0.604882459312839
112,Mookie Betts,BOS,"2B,CF,RF",12.0,81,52.0,0.282,25,40,3520,2006,34,113,0.5698863636363637
113,Mark Teixeira,NYY,1B,19.0,52,63.0,0.228,1,207,2466,2004,261,114,0.8126520681265207
114,Alexei Ramirez,CWS,SS,11.0,71,63.0,0.271,20,70,3447,2003,50,115,0.5810850014505367
115,Matt Carpenter,STL,3B,9.0,92,59.0,0.282,4,115,3254,2001,91,116,0.6149354640442533
116,Daniel Murphy,NYM,"2B,3B",10.0,77,61.0,0.282,13,75,3454,1999,48,117,0.5787492762015055
117,Adam Lind,MIL,"1B,DH",16.0,55,63.0,0.284,1,144,3011,1998,152,118,0.6635669212886084
118,Michael Morse,MIA,"1B,LF",17.0,53,63.0,0.264,0,143,2748,1996,207,119,0.7263464337700145
119,Kendrys Morales,KC,"1B,DH",16.0,53,65.0,0.258,0,179,2700,1995,212,120,0.7388888888888889
120,Xander Bogaerts,BOS,"3B,SS",14.0,64,58.0,0.254,4,155,3048,1986,142,121,0.6515748031496063
121,Steve Pearce,BAL,"1B,LF",19.0,55,56.0,0.267,4,126,3161,1985,111,122,0.627965833596963
122,Brett Gardner,NYY,"LF,CF",12.0,77,51.0,0.259,19,85,3332,1982,71,123,0.5948379351740696
123,Martin Prado,MIA,"2B,3B,RF",11.0,67,63.0,0.278,5,96,3268,1981,87,124,0.6061811505507956
124,Mike Zunino,SEA,C,19.0,53,57.0,0.217,1,189,2337,1979,287,125,0.8468121523320497
125,Jimmy Rollins,LAD,SS,12.0,75,52.0,0.243,22,111,3132,1976,116,126,0.6309067688378033
126,Marcus Semien,OAK,"2B,3B",14.0,63,57.0,0.243,10,159,3055,1975,139,127,0.646481178396072
127,Brandon Phillips,CIN,2B,12.0,61,63.0,0.263,4,157,3110,1969,120,128,0.6331189710610933
128,Colby Rasmus,HOU,CF,19.0,55,53.0,0.23399999999999999,3,177,2693,1969,217,129,0.7311548458967694
129,Domonic Brown,PHI,LF,14.0,53,64.0,0.253,7,154,3117,1963,118,130,0.6297722168752005
130,Jose Reyes,TOR,SS,10.0,85,50.0,0.28600000000000003,27,36,3492,1963,39,131,0.5621420389461627
131,Alex Rios,KC,RF,10.0,65,64.0,0.27399999999999997,21,73,3418,1956,53,132,0.572264482153306
132,Howie Kendrick,LAD,2B,10.0,66,63.0,0.28300000000000003,11,92,3400,1954,58,133,0.5747058823529412
133,Nick Markakis,ATL,RF,11.0,72,52.0,0.27399999999999997,3,120,3098,1950,123,134,0.6294383473208521
134,Josh Harrison,PIT,"2B,3B,LF,RF",11.0,72,52.0,0.28600000000000003,17,66,3440,1950,51,135,0.5668604651162791
135,Steven Souza,TB,RF,16.0,56,54.0,0.252,17,121,3204,1949,102,136,0.6083021223470662
136,Matt Wieters,BAL,C,17.0,49,60.0,0.257,1,149,2793,1947,198,137,0.6970998925886144
137,J.J. Hardy,BAL,SS,14.0,58,57.0,0.256,1,168,2783,1946,201,138,0.6992454186130076
138,Russell Martin,TOR,C,15.0,53,59.0,0.25,5,147,3001,1945,158,139,0.6481172942352549
139,Mike Moustakas,KC,3B,16.0,52,58.0,0.23600000000000002,2,262,2600,1941,233,140,0.7465384615384615
140,Jose Altuve,HOU,2B,8.0,84,55.0,0.307,42,11,3499,1940,37,141,0.5544441268933981
141,Wilin Rosario,COL,C,17.0,49,58.0,0.26899999999999996,2,132,2967,1936,168,142,0.6525109538254129
142,Brett Lawrie,OAK,"2B,3B",15.0,53,57.0,0.258,6,171,3115,1933,119,143,0.6205457463884431
143,Lonnie Chisenhall,CLE,"1B,3B",14.0,56,56.0,0.267,3,173,3042,1932,145,144,0.6351084812623274
144,Ike Davis,OAK,1B,15.0,52,58.0,0.23,1,222,2412,1927,274,145,0.798922056384743
145,Luis Valbuena,HOU,"2B,3B",14.0,57,53.0,0.24,2,211,2637,1921,226,146,0.7284793325748957
146,Rougned Odor,TEX,2B,13.0,55,59.0,0.264,10,156,3248,1921,93,147,0.5914408866995073
147,Dustin Ackley,SEA,LF,11.0,63,56.0,0.248,7,160,3006,1916,154,148,0.6373918829008649
148,Jed Lowrie,HOU,SS,11.0,61,57.0,0.265,1,161,2827,1915,187,149,0.6773965334276618
149,Desmond Jennings,TB,CF,12.0,71,46.0,0.245,18,133,3078,1914,130,150,0.621832358674464
150,Matt Joyce,LAA,"LF,RF,DH",13.0,56,55.0,0.24,4,185,2774,1903,202,151,0.6860129776496035
151,Austin Jackson,SEA,CF,9.0,79,47.0,0.256,17,110,3206,1898,100,152,0.5920149719276356
152,Kolten Wong,STL,2B,12.0,62,50.0,0.259,21,131,3254,1894,90,153,0.5820528580208973
153,Travis d'Arnaud,NYM,C,15.0,53,50.0,0.251,1,170,2665,1892,221,154,0.7099437148217635
154,David Freese,LAA,3B,11.0,54,60.0,0.261,1,233,2770,1890,203,155,0.6823104693140795
155,Michael Saunders,TOR,"CF,RF,LF",13.0,57,51.0,0.252,8,162,3056,1889,138,156,0.618128272251309
156,Yasmany Tomas,ARI,"3B,RF",16.0,48,54.0,0.253,5,172,2984,1888,161,157,0.6327077747989276
157,Josh Hamilton,LAA,"LF,CF,RF",14.0,49,56.0,0.25,3,181,2824,1882,190,158,0.6664305949008499
158,Joe Mauer,MIN,1B,8.0,65,60.0,0.287,3,146,3083,1881,128,159,0.6101200129743756
159,Yadier Molina,STL,C,12.0,53,56.0,0.289,3,108,3080,1875,129,160,0.6087662337662337
160,Scooter Gennett,MIL,2B,10.0,61,54.0,0.28300000000000003,7,137,3238,1875,95,161,0.5790611488573193
161,Jonathan Schoop,BAL,"2B,3B",16.0,51,47.0,0.226,2,239,2399,1865,276,162,0.7774072530220926
162,Leonys Martin,TEX,CF,9.0,72,46.0,0.27,29,78,3320,1860,76,163,0.5602409638554217
163,Cody Asche,PHI,3B,13.0,49,56.0,0.254,3,245,2856,1860,183,164,0.6512605042016807
164,Dayan Viciedo,CWS,"LF,RF",16.0,48,49.0,0.25,0,204,2468,1858,260,165,0.752836304700162
165,Yasmani Grandal,LAD,"C,1B",14.0,49,51.0,0.243,2,182,2604,1856,232,166,0.7127496159754224
166,Alex Rodriguez,NYY,3B,14.0,51,50.0,0.244,5,251,2824,1856,189,167,0.6572237960339944
167,A.J. Pollock,ARI,CF,10.0,69,44.0,0.275,18,100,3304,1855,80,168,0.5614406779661016
168,Erick Aybar,LAA,SS,7.0,68,57.0,0.27399999999999997,14,105,3275,1852,86,169,0.5654961832061068
169,Miguel Montero,CHC,C,12.0,47,60.0,0.248,0,186,2438,1852,270,170,0.7596390484003281
170,Chris Johnson,ATL,3B,11.0,49,59.0,0.27,4,220,3042,1849,146,171,0.6078238001314924
171,Wilson Ramos,WSH,C,15.0,39,56.0,0.26899999999999996,0,166,2636,1848,227,172,0.701062215477997
172,Andrelton Simmons,ATL,SS,10.0,57,53.0,0.258,6,176,3030,1848,149,173,0.6099009900990099
173,Wilmer Flores,NYM,"2B,SS",12.0,51,55.0,0.257,1,196,2693,1847,216,174,0.6858522094318604
174,Arismendy Alcantara,CHC,"2B,CF",13.0,53,49.0,0.23800000000000002,15,174,2894,1847,178,175,0.638217000691085
175,Alejandro De Aza,BAL,"LF,CF",10.0,63,47.0,0.262,16,139,3197,1841,104,176,0.5758523615889897
176,Garrett Jones,NYY,"1B,RF",15.0,46,50.0,0.248,1,208,2576,1838,240,177,0.7135093167701864
177,Drew Stubbs,COL,CF,13.0,58,43.0,0.252,17,152,3093,1838,124,178,0.5942450695118009
178,Jarrod Saltalamacchia,MIA,C,14.0,48,50.0,0.231,1,210,2341,1837,286,179,0.7847073900042717
179,Brad Miller,SEA,"2B,SS",12.0,56,46.0,0.248,6,198,2899,1836,176,180,0.6333218351155571
180,Justin Smoak,TOR,1B,15.0,47,49.0,0.23600000000000002,0,243,2252,1836,310,181,0.8152753108348135
181,Rusney Castillo,BOS,"CF,LF",11.0,56,48.0,0.27899999999999997,16,124,3294,1832,83,182,0.5561627200971463
182,Mitch Moreland,TEX,"1B,DH",14.0,46,51.0,0.243,1,234,2488,1831,254,183,0.7359324758842444
183,Coco Crisp,OAK,CF,10.0,65,44.0,0.249,19,148,3067,1831,135,184,0.5970003260515161
184,Danny Santana,MIN,"SS,CF",7.0,76,46.0,0.27399999999999997,22,84,3297,1830,82,185,0.5550500454959054
185,James Loney,TB,1B,9.0,53,59.0,0.278,3,180,3002,1829,157,186,0.6092604930046636
186,Logan Morrison,SEA,"1B,RF",13.0,49,49.0,0.25,4,197,2826,1818,188,187,0.643312101910828
187,C.J. Cron,LAA,"1B,DH",14.0,42,51.0,0.254,2,231,2723,1816,211,188,0.6669114946749908
188,Travis Snider,BAL,"LF,RF",14.0,47,48.0,0.255,2,199,2732,1815,209,189,0.6643484626647145
189,Allen Craig,BOS,"1B,LF,RF",11.0,48,55.0,0.265,2,183,2815,1812,192,190,0.6436944937833037
190,Aaron Hill,ARI,"2B,3B",11.0,51,51.0,0.261,4,202,2938,1812,173,191,0.6167460857726345
191,Dexter Fowler,CHC,CF,10.0,66,40.0,0.262,13,153,3150,1811,113,192,0.5749206349206349
192,Seth Smith,SEA,"LF,RF",11.0,53,47.0,0.251,1,212,2578,1805,238,193,0.700155159038014
193,Nick Swisher,CLE,"1B,DH",13.0,46,50.0,0.233,1,267,2329,1801,289,194,0.7732932589094031
194,Jason Castro,HOU,C,13.0,44,48.0,0.239,1,214,2388,1778,280,195,0.7445561139028476
195,Brandon Crawford,SF,SS,9.0,51,54.0,0.244,3,218,2631,1777,229,196,0.6754085898897757
196,Conor Gillaspie,CWS,3B,10.0,48,51.0,0.261,1,271,2652,1772,224,197,0.6681749622926093
197,Billy Hamilton,CIN,CF,6.0,74,45.0,0.254,59,46,3107,1770,121,198,0.5696813646604442
198,Jordy Mercer,PIT,SS,10.0,49,49.0,0.26,4,209,2887,1767,180,199,0.6120540353307932
199,David Peralta,ARI,"LF,CF,RF",10.0,49,49.0,0.271,6,175,3048,1767,141,200,0.5797244094488189
200,Lorenzo Cain,KC,"CF,RF",7.0,56,51.0,0.268,22,134,3192,1759,106,201,0.5510651629072681
201,Nick Franklin,TB,"2B,SS",11.0,48,46.0,0.228,8,235,2604,1759,231,202,0.6754992319508448
202,Jonathan Singleton,HOU,1B,13.0,43,45.0,0.214,2,285,2192,1758,326,203,0.802007299270073
203,Melvin Upton Jr.,SD,CF,13.0,52,36.0,0.215,15,228,2562,1758,245,204,0.6861826697892272
204,Derek Norris,SD,C,11.0,46,48.0,0.248,4,203,2741,1757,208,205,0.6410069317767239
205,Casey McGehee,SF,3B,7.0,51,58.0,0.26,3,263,2811,1757,195,206,0.6250444681607968
206,Kyle Schwarber,CHC,"C,LF",12.0,48,43.0,0.237,4,206,2577,1756,239,207,0.6814124951493985
207,Jean Segura,MIL,SS,7.0,64,44.0,0.271,27,109,3218,1752,97,208,0.5444375388440025
208,Didi Gregorius,NYY,"2B,SS",9.0,56,42.0,0.24600000000000002,4,221,2697,1746,214,209,0.6473859844271412
209,Carl Crawford,LAD,LF,8.0,59,42.0,0.281,19,130,3228,1741,96,210,0.5393432465923172
210,John Jaso,TB,"C,DH",10.0,50,44.0,0.262,3,188,2808,1737,196,211,0.6185897435897436
211,Omar Infante,KC,2B,7.0,52,52.0,0.267,8,194,3045,1732,144,212,0.5688013136288999
212,Kevin Kiermaier,TB,"CF,RF",9.0,53,43.0,0.256,12,190,3009,1731,153,213,0.5752741774675972
213,Alex Avila,DET,C,11.0,41,46.0,0.223,1,242,2144,1729,338,214,0.8064365671641791
214,Chris Owings,ARI,"2B,SS",9.0,52,44.0,0.261,12,191,3045,1724,143,215,0.5661740558292282
215,Tyler Flowers,CWS,C,14.0,37,40.0,0.222,1,257,2131,1724,343,216,0.8090098545283905
216,Ryan Rua,TEX,"1B,LF",10.0,43,47.0,0.259,4,213,2831,1719,186,217,0.6072059342988343
217,Yonder Alonso,SD,1B,9.0,45,50.0,0.267,6,219,2971,1716,163,218,0.577583305284416
218,Joey Gallo,TEX,3B,15.0,35,38.0,0.21600000000000003,4,361,2308,1712,295,219,0.7417677642980935
219,Jonny Gomes,ATL,"LF,RF",11.0,38,45.0,0.22699999999999998,1,268,2162,1708,333,220,0.790009250693802
220,Chris Young,NYY,"LF,CF,RF",12.0,40,38.0,0.222,8,247,2483,1693,255,221,0.6818364881192106
221,Delmon Young,BAL,"LF,DH",11.0,37,43.0,0.267,1,224,2621,1691,230,222,0.6451735978634109
222,Stephen Vogt,OAK,"C,1B,RF",10.0,39,44.0,0.258,1,216,2544,1687,249,223,0.66312893081761
223,Denard Span,WSH,CF,5.0,74,38.0,0.284,21,91,3192,1685,107,224,0.5278822055137845
224,Maikel Franco,PHI,3B,10.0,40,43.0,0.249,1,335,2435,1683,272,225,0.691170431211499
225,Robinson Chirinos,TEX,C,12.0,37,38.0,0.23600000000000002,1,244,2248,1680,311,226,0.7473309608540926
226,Juan Lagares,NYM,CF,6.0,54,48.0,0.259,14,178,3000,1679,159,227,0.5596666666666666
227,Jung-Ho Kang,PIT,SS,10.0,41,41.0,0.247,5,241,2690,1678,218,228,0.6237918215613383
228,Adam Eaton,CWS,CF,4.0,81,41.0,0.276,18,98,3132,1677,117,229,0.5354406130268199
229,Stephen Drew,NYY,"2B,SS",10.0,39,42.0,0.218,2,304,2134,1675,340,230,0.7849109653233365
230,Will Middlebrooks,SD,3B,11.0,36,41.0,0.226,3,421,2295,1672,298,231,0.7285403050108933
231,Juan Uribe,LAD,3B,9.0,38,47.0,0.264,1,310,2575,1671,241,232,0.6489320388349514
232,Michael Bourn,CLE,CF,5.0,70,39.0,0.254,19,158,2969,1669,166,233,0.5621421353991243
233,Dalton Pompey,TOR,"LF,CF",7.0,54,39.0,0.245,23,184,2859,1667,182,234,0.5830710038474991
234,Zack Cozart,CIN,SS,7.0,52,41.0,0.24,5,254,2580,1661,237,235,0.6437984496124031
235,Shane Victorino,BOS,RF,8.0,49,38.0,0.266,13,195,3020,1655,150,236,0.5480132450331126
236,Josh Rutledge,LAA,"2B,3B,SS",7.0,51,41.0,0.247,8,227,2754,1653,206,237,0.6002178649237473
237,Devon Travis,TOR,2B,9.0,46,39.0,0.254,10,226,2892,1653,179,238,0.5715767634854771
238,Freddy Galvis,PHI,"3B,SS",10.0,37,40.0,0.22699999999999998,4,298,2351,1651,284,239,0.7022543598468737
239,Alcides Escobar,KC,SS,4.0,68,48.0,0.267,26,119,3088,1650,126,240,0.5343264248704663
240,Yunel Escobar,WSH,SS,7.0,46,45.0,0.26,3,230,2698,1644,213,241,0.609340252038547
241,Elvis Andrus,TEX,SS,3.0,75,52.0,0.27,30,83,3092,1630,125,242,0.5271668822768435
242,Chris Iannetta,LAA,C,9.0,39,38.0,0.231,2,261,2221,1626,318,243,0.7321026564610535
243,Rene Rivera,TB,C,10.0,33,41.0,0.23800000000000002,0,266,2062,1625,363,244,0.7880698351115422
244,Darin Ruf,PHI,"1B,LF",11.0,35,33.0,0.24600000000000002,1,273,2326,1621,290,245,0.6969045571797077
245,Angel Pagan,SF,CF,5.0,61,38.0,0.28,16,151,3086,1619,127,246,0.5246273493195075
246,Mark Reynolds,STL,"1B,3B",12.0,32,34.0,0.213,2,360,2044,1618,372,247,0.7915851272015656
247,Jon Jay,STL,"LF,CF,RF",5.0,54,45.0,0.28300000000000003,9,165,3033,1616,148,248,0.5328058028354764
248,Joe Panik,SF,2B,4.0,62,45.0,0.271,4,205,2806,1604,197,249,0.571632216678546
249,David Murphy,CLE,RF,8.0,36,41.0,0.259,2,253,2560,1603,247,250,0.626171875
250,Norichika Aoki,SF,RF,4.0,67,40.0,0.275,17,141,3041,1596,147,251,0.524827359421243
251,David DeJesus,TB,"LF,DH",8.0,43,33.0,0.24600000000000002,3,265,2480,1595,257,252,0.6431451612903226
252,Jake Marisnick,HOU,"CF,RF",8.0,39,35.0,0.23800000000000002,16,240,2646,1592,225,253,0.6016628873771731
253,Carlos Ruiz,PHI,C,7.0,41,38.0,0.264,3,223,2672,1588,219,254,0.594311377245509
254,Jake Lamb,ARI,3B,9.0,35,37.0,0.252,3,372,2551,1587,248,255,0.622108976871815
255,Chris Coghlan,CHC,LF,7.0,45,36.0,0.257,7,232,2784,1586,200,256,0.569683908045977
256,Gerardo Parra,MIL,"LF,CF,RF",7.0,47,32.0,0.264,7,225,2837,1581,185,257,0.5572788156503349
257,Andre Ethier,LAD,"LF,CF,RF",7.0,37,40.0,0.257,2,259,2514,1577,251,258,0.6272871917263325
258,Dioner Navarro,TOR,"C,DH",9.0,30,42.0,0.271,1,229,2528,1572,250,259,0.6218354430379747
259,Randal Grichuk,STL,"RF,LF",10.0,34,31.0,0.24100000000000002,4,278,2454,1570,265,260,0.6397718011409943
260,Yangervis Solarte,SD,"2B,3B",7.0,41,33.0,0.26,1,280,2438,1564,269,261,0.6415094339622641
261,Renato Nunez,OAK,3B,9.0,33,34.0,0.225,1,547,1993,1564,386,262,0.784746613146011
262,Gaby Sanchez,PIT,1B,8.0,34,37.0,0.23600000000000002,2,340,2218,1559,319,263,0.7028854824165915
263,Corey Hart,PIT,"RF,DH",9.0,33,32.0,0.24600000000000002,2,282,2348,1552,285,264,0.6609880749574105
264,Miguel Sano,MIN,"3B,SS",11.0,28,32.0,0.226,3,312,2175,1552,330,265,0.7135632183908046
265,Nate Schierholtz,WSH,RF,9.0,31,35.0,0.22899999999999998,4,308,2272,1551,304,266,0.6826584507042254
266,Rajai Davis,DET,"LF,CF",6.0,47,34.0,0.265,29,163,2975,1550,162,267,0.5210084033613446
267,Will Venable,SD,"CF,RF",8.0,38,30.0,0.244,11,258,2654,1545,223,268,0.5821401657874906
268,DJ LeMahieu,COL,2B,4.0,54,43.0,0.276,12,193,2965,1544,169,269,0.5207419898819562
269,Preston Tucker,HOU,LF,8.0,34,32.0,0.244,2,284,2304,1539,296,270,0.66796875
270,Alexi Amarista,SD,"2B,3B,SS,CF",5.0,45,41.0,0.24,11,249,2586,1526,236,271,0.5901005413766435
271,Justin Ruggiano,SEA,"LF,CF,RF",9.0,32,31.0,0.247,6,276,2567,1524,244,272,0.5936891312816517
272,Scott Van Slyke,LAD,"1B,LF,CF,RF",10.0,29,31.0,0.259,4,272,2634,1522,228,273,0.577828397873956
273,Alberto Callaspo,ATL,"1B,2B,3B,DH",6.0,36,38.0,0.245,1,317,2207,1518,322,274,0.6878115088355233
274,Russ Canzler,NYY,"1B,LF",8.0,31,32.0,0.24100000000000002,1,309,2154,1516,336,275,0.7038068709377902
275,Grady Sizemore,PHI,"LF,CF,RF",7.0,37,30.0,0.23399999999999999,5,305,2353,1515,283,276,0.6438589035274118
276,Kurt Suzuki,MIN,C,5.0,36,45.0,0.261,1,237,2393,1513,277,277,0.6322607605516088
277,Anthony Gose,DET,"LF,CF,RF",5.0,52,31.0,0.235,23,217,2570,1511,243,278,0.5879377431906615
278,Raul Ibanez,KC,"LF,RF,DH",10.0,26,32.0,0.22,1,328,1890,1505,414,279,0.7962962962962963
279,Gary Sanchez,NYY,C,7.0,31,34.0,0.218,1,307,1870,1502,419,280,0.8032085561497326
280,Rangel Ravelo,OAK,"1B,3B",6.0,36,34.0,0.253,5,313,2597,1501,234,281,0.5779745860608394
281,Zach Borenstein,ARI,LF,8.0,31,30.0,0.248,4,289,2475,1491,258,282,0.6024242424242424
282,Corey Seager,LAD,SS,7.0,31,32.0,0.247,3,301,2388,1490,279,283,0.6239530988274706
283,Josh Phegley,OAK,C,8.0,28,33.0,0.235,1,295,2044,1488,371,284,0.7279843444227005
284,D.J. Peterson,SEA,3B,8.0,31,29.0,0.233,2,551,2103,1484,351,285,0.7056585829766999
285,Christian Bethancourt,ATL,C,6.0,33,37.0,0.249,6,260,2560,1483,246,286,0.579296875
286,Rickie Weeks,SEA,2B,8.0,34,27.0,0.235,4,327,2284,1482,299,287,0.648861646234676
287,Ramon Flores,NYY,LF,7.0,33,30.0,0.24100000000000002,3,299,2299,1481,297,288,0.644193127446716
288,Travis Shaw,BOS,"1B,3B",8.0,31,28.0,0.22699999999999998,3,407,2109,1475,349,289,0.6993835941204363
289,Nick Hundley,COL,C,8.0,27,33.0,0.239,1,300,2082,1472,357,290,0.7070124879923151
290,Kevin Pillar,TOR,"LF,CF",6.0,36,31.0,0.263,10,246,2790,1472,199,291,0.5275985663082438
291,Mike Aviles,CLE,"2B,3B,SS,LF",6.0,33,32.0,0.247,9,277,2587,1463,235,292,0.5655199072284499
292,Kelly Johnson,ATL,"1B,3B",8.0,29,29.0,0.22399999999999998,4,419,2124,1459,344,293,0.6869114877589454
293,Matt Dominguez,HOU,3B,8.0,26,32.0,0.237,0,616,1880,1457,415,294,0.775
294,Dee Gordon,MIA,2B,2.0,76,35.0,0.268,52,72,2908,1454,175,295,0.5
295,John Mayberry,NYM,"1B,LF,CF",8.0,28,29.0,0.22899999999999998,2,331,2017,1451,379,296,0.7193852255825484
296,Alen Hanson,PIT,SS,6.0,31,32.0,0.24,11,286,2507,1447,252,297,0.5771838851216593
297,Juan Francisco,TOR,"1B,3B",10.0,24,30.0,0.221,0,462,1691,1447,487,298,0.8557066824364281
298,J.P. Arencibia,BAL,"C,1B",10.0,23,32.0,0.209,0,326,1613,1445,517,299,0.8958462492250465
299,Scott Moore,STL,3B,7.0,30,29.0,0.23800000000000002,1,587,2033,1444,375,300,0.7102803738317757
300,Zoilo Almonte,ATL,LF,7.0,28,31.0,0.23800000000000002,4,320,2275,1440,303,301,0.6329670329670329
301,Jose Ramirez,CLE,"2B,SS",4.0,47,32.0,0.264,19,215,2822,1434,191,302,0.5081502480510276
302,Daniel Nava,BOS,"1B,LF,RF",5.0,35,32.0,0.26899999999999996,2,275,2464,1433,262,303,0.5815746753246753
303,Matt Tuiasosopo,TOR,"3B,LF",7.0,29,29.0,0.21899999999999997,1,366,1807,1433,440,304,0.793027116768124
304,Peter O'Brien,ARI,C,10.0,24,28.0,0.235,0,302,1835,1431,431,305,0.7798365122615804
305,Jose Iglesias,DET,"3B,SS",4.0,44,34.0,0.261,8,252,2694,1431,215,306,0.5311804008908686
306,Chris Denorfia,CHC,"LF,CF,RF",5.0,41,28.0,0.262,9,250,2727,1430,210,307,0.5243857719105244
307,Gordon Beckham,CWS,"2B,3B",6.0,34,28.0,0.24100000000000002,3,353,2247,1429,312,308,0.6359590565198042
308,Jesse Winker,CIN,LF,8.0,28,27.0,0.243,2,319,2174,1426,331,309,0.655933762649494
309,Ben Revere,PHI,CF,2.0,70,34.0,0.29600000000000004,41,57,2969,1421,167,310,0.4786123273829572
310,Robbie Grossman,HOU,"LF,RF,CF",5.0,37,29.0,0.239,8,287,2413,1420,273,311,0.5884790716949855
311,Cody Ross,ARI,"LF,RF,CF",7.0,27,30.0,0.259,1,311,2282,1416,300,312,0.6205083260297984
312,Adeiny Hechavarria,MIA,SS,3.0,49,42.0,0.258,8,236,2655,1415,222,313,0.5329566854990584
313,Greg Bird,NYY,1B,8.0,28,26.0,0.233,1,430,1940,1412,396,314,0.7278350515463917
314,Tyler Austin,NYY,"RF,LF",6.0,32,28.0,0.239,3,322,2201,1411,324,315,0.6410722398909586
315,Ender Inciarte,ARI,"LF,CF",4.0,48,29.0,0.271,21,201,2860,1410,181,316,0.493006993006993
316,Ryan Doumit,ATL,"LF,RF,C",8.0,24,31.0,0.244,1,303,2081,1407,358,317,0.67611725132148
317,Micah Johnson,CWS,2B,4.0,39,32.0,0.251,20,256,2665,1404,220,318,0.526829268292683
318,Ty Kelly,STL,3B,5.0,36,28.0,0.253,4,461,2451,1403,266,319,0.5724194206446348
319,Carlos Quentin,ATL,LF,8.0,25,28.0,0.244,0,330,1922,1400,401,320,0.72840790842872
320,Jordan Lennerton,DET,1B,7.0,28,27.0,0.22,0,527,1633,1400,507,321,0.8573178199632578
321,Brian Roberts,NYY,2B,6.0,34,26.0,0.24,5,338,2318,1399,293,322,0.6035375323554789
322,Josmil Pinto,MIN,"C,DH",8.0,27,26.0,0.257,0,288,2090,1396,354,323,0.6679425837320574
323,Francisco Cervelli,PIT,"C,1B",4.0,36,32.0,0.248,2,279,2214,1385,321,324,0.6255645889792232
324,Mikie Mahtook,TB,"CF,LF",5.0,34,28.0,0.237,10,297,2382,1384,282,325,0.581024349286314
325,Nick Buss,LAD,"LF,CF",5.0,33,28.0,0.249,7,292,2481,1377,256,326,0.5550181378476421
326,Kirk Nieuwenhuis,NYM,"LF,CF",7.0,28,25.0,0.228,4,348,2085,1377,356,327,0.660431654676259
327,Danny Espinosa,WSH,"2B,SS",7.0,28,25.0,0.22,6,395,2087,1377,355,328,0.659798754192621
328,Francisco Lindor,CLE,SS,5.0,35,27.0,0.245,11,291,2500,1376,253,329,0.5504
329,Jesus Guzman,HOU,"1B,LF",7.0,25,28.0,0.22,3,383,1939,1374,397,330,0.7086126869520372
330,Alex Castellanos,SD,"LF,RF",6.0,31,25.0,0.221,5,339,2057,1367,366,331,0.6645600388915897
331,Jarrett Parker,SF,"RF,CF",6.0,30,26.0,0.203,7,378,2001,1362,383,332,0.6806596701649176
332,Mike Olt,CHC,"1B,3B",9.0,22,28.0,0.195,1,581,1632,1358,508,333,0.8321078431372549
333,Brandon Barnes,COL,"LF,RF,CF",6.0,30,25.0,0.251,6,306,2451,1353,267,334,0.5520195838433293
334,Tyler Colvin,SF,LF,6.0,26,28.0,0.235,2,356,1994,1347,385,335,0.6755265797392177
335,Josh Bell,SD,3B,5.0,30,28.0,0.253,3,536,2329,1347,288,336,0.5783598110777157
336,Brandon Drury,ARI,"SS,3B",6.0,27,27.0,0.244,1,364,2015,1341,380,337,0.6655086848635235
337,Zachary Walters,CLE,"DH,3B",9.0,23,25.0,0.226,0,702,1628,1337,510,338,0.8212530712530712
338,Tyler Greene,ATL,"2B,SS",6.0,31,23.0,0.225,7,367,2114,1333,347,339,0.6305581835383159
339,Andrew Lambo,PIT,RF,8.0,24,24.0,0.25,2,336,2185,1332,327,340,0.6096109839816933
340,Eduardo Escobar,MIN,"2B,3B,SS",4.0,36,27.0,0.254,2,318,2235,1328,316,341,0.5941834451901566
341,Gregor Blanco,SF,"LF,CF",3.0,41,32.0,0.253,13,248,2574,1324,242,342,0.5143745143745144
342,Brian Bogusevic,MIA,"LF,CF,RF",6.0,28,24.0,0.233,6,334,2175,1322,329,343,0.607816091954023
343,Kyle Kubitza,LAA,3B,5.0,29,27.0,0.196,6,753,1921,1320,402,344,0.6871421134825612
344,Bryan Petersen,TEX,"LF,CF,RF",4.0,35,27.0,0.231,6,323,2146,1317,337,345,0.6136999068033551
345,Chris McGuiness,PIT,1B,6.0,26,26.0,0.22899999999999998,0,522,1640,1317,504,346,0.8030487804878049
346,Caleb Joseph,BAL,C,7.0,23,27.0,0.226,1,352,1757,1314,460,347,0.7478656801365965
347,Taylor Lindsey,SD,2B,5.0,31,24.0,0.249,3,375,2242,1310,313,348,0.584299732381802
348,Mark Canha,OAK,"1B,LF",6.0,27,24.0,0.24,2,357,2022,1306,378,349,0.645895153313551
349,Ryan Flaherty,BAL,"2B,3B,SS",7.0,24,24.0,0.22399999999999998,1,434,1725,1306,475,350,0.7571014492753623
350,Alexander Guerrero,LAD,"LF,2B",7.0,24,24.0,0.256,2,337,2234,1306,317,351,0.5846016114592659
351,Tommy Medica,SD,"1B,LF",7.0,24,24.0,0.23399999999999999,3,368,2030,1306,376,352,0.6433497536945813
352,Brandon Nimmo,NYM,"CF,LF",4.0,36,25.0,0.22899999999999998,5,333,2074,1305,360,353,0.6292189006750241
353,A.J. Ellis,LAD,C,5.0,25,29.0,0.233,0,358,1671,1295,494,354,0.7749850388988629
354,A.J. Pierzynski,ATL,C,6.0,22,30.0,0.252,0,321,1917,1285,404,355,0.6703182055294732
355,Logan Forsythe,TB,"2B,DH",5.0,29,24.0,0.233,4,420,2059,1285,365,356,0.6240893637688198
356,Josh Vitters,CHC,3B,6.0,24,26.0,0.251,3,620,2237,1284,314,357,0.5739830129637908
357,Mason Williams,NYY,"CF,LF",4.0,35,24.0,0.225,9,342,2117,1282,346,358,0.6055739253660841
358,Matt Davidson,CWS,3B,7.0,23,24.0,0.218,0,755,1495,1279,553,359,0.8555183946488294
359,Neftali Soto,CIN,1B,6.0,24,25.0,0.23800000000000002,1,496,1864,1275,422,360,0.6840128755364807
360,Justin Turner,LAD,"2B,3B,SS",4.0,28,28.0,0.28800000000000003,3,293,2473,1269,259,361,0.5131419328750505
361,Lyle Overbay,MIL,1B,5.0,22,32.0,0.23800000000000002,1,490,1854,1265,424,362,0.6823085221143473
362,Eddie Rosario,MIN,"2B,CF",5.0,26,25.0,0.239,4,365,2119,1263,345,363,0.5960358659745163
363,Chris Parmelee,MIN,"1B,LF,RF",7.0,22,24.0,0.243,0,393,1766,1261,456,364,0.7140430351075878
364,Michael Choice,TEX,"LF,RF,CF",6.0,23,26.0,0.228,1,403,1719,1257,478,365,0.731239092495637
365,Sam Fuld,OAK,"LF,CF,RF",3.0,36,28.0,0.235,16,281,2277,1256,302,366,0.5516029863855951
366,Jason Kubel,MIN,LF,6.0,22,27.0,0.22699999999999998,1,409,1707,1253,482,367,0.7340363210310487
367,Juan Diaz,CWS,SS,5.0,26,24.0,0.22699999999999998,2,448,1796,1251,444,368,0.6965478841870824
368,Aaron Hicks,MIN,CF,4.0,31,24.0,0.217,7,380,1961,1251,390,369,0.6379398266190719
369,Emilio Bonifacio,CWS,"2B,CF,RF",3.0,43,25.0,0.245,23,238,2441,1249,268,370,0.5116755428103237
370,Brad Snyder,TEX,"1B,LF",7.0,23,22.0,0.209,3,441,1747,1247,464,371,0.7137950772753291
371,Aledmys Diaz,STL,SS,5.0,25,25.0,0.245,6,363,2261,1247,307,372,0.5515258735072976
372,Hanser Alberto,TEX,SS,4.0,29,25.0,0.254,8,324,2437,1238,271,373,0.5080016413623307
373,Danny Valencia,TOR,"1B,3B",6.0,21,27.0,0.25,1,488,1998,1236,384,374,0.6186186186186187
374,Ryan Hanigan,BOS,C,4.0,25,29.0,0.239,1,345,1846,1236,426,375,0.6695557963163596
375,Ji-Man Choi,SEA,"1B,C",5.0,27,22.0,0.239,1,343,1839,1229,430,376,0.6682979880369766
376,Eugenio Suarez,CIN,SS,5.0,27,22.0,0.24,4,388,2100,1229,352,377,0.5852380952380952
377,Derek Dietrich,MIA,2B,6.0,26,20.0,0.233,1,453,1756,1228,462,378,0.6993166287015945
378,Giovanny Urshela,CLE,3B,4.0,26,27.0,0.252,0,680,1859,1227,423,379,0.6600322754168908
379,Ryan Ludwick,CIN,LF,7.0,18,28.0,0.247,0,390,1793,1227,448,380,0.6843279419966537
380,Tyler Moore,WSH,1B,7.0,20,24.0,0.24100000000000002,1,504,1864,1226,421,381,0.657725321888412
381,Chris Colabello,TOR,"1B,RF",7.0,19,25.0,0.231,0,408,1570,1218,528,382,0.7757961783439491
382,Max Kepler,MIN,"CF,1B",5.0,24,24.0,0.22899999999999998,3,404,1873,1218,417,383,0.6502936465563267
383,Jake Smolinski,TEX,"LF,RF,3B",5.0,25,23.0,0.253,2,369,2106,1213,350,384,0.5759734093067427
384,Michael Taylor,CWS,"LF,RF",6.0,24,21.0,0.23600000000000002,8,359,2162,1211,334,385,0.5601295097132285
385,Peter Bourjos,STL,CF,4.0,30,22.0,0.237,7,349,2132,1205,341,386,0.5651969981238274
386,Michael McKenry,COL,C,7.0,20,23.0,0.26899999999999996,1,316,2144,1204,339,387,0.5615671641791045
387,Andy Wilkins,CWS,1B,7.0,20,23.0,0.23800000000000002,1,524,1793,1204,449,388,0.6715002788622421
388,Dan Uggla,WSH,2B,6.0,23,22.0,0.207,1,558,1511,1204,547,389,0.7968232958305758
389,Daniel Robertson,TB,"LF,CF,RF",3.0,35,24.0,0.244,4,332,2114,1194,348,390,0.5648060548722801
390,Byron Buxton,MIN,"CF,LF",5.0,27,20.0,0.25,11,315,2390,1193,278,391,0.499163179916318
391,Mike Carp,TEX,"1B,LF",5.0,21,27.0,0.247,1,377,1909,1191,408,392,0.6238868517548455
392,Yadiel Rivera,MIL,SS,4.0,28,22.0,0.23600000000000002,5,397,2048,1186,370,393,0.5791015625
393,Zach Lutz,NYM,"1B,3B",5.0,24,22.0,0.24600000000000002,1,513,1891,1186,413,394,0.627181385510312
394,Robert Andino,PIT,"2B,3B,SS",4.0,28,22.0,0.218,3,499,1734,1186,469,395,0.6839677047289504
395,Kristopher Negron,CIN,"2B,3B",5.0,24,22.0,0.212,6,516,1842,1186,427,396,0.6438653637350705
396,Delino DeShields,TEX,"2B,CF",4.0,30,21.0,0.231,18,294,2164,1185,332,397,0.5475970425138632
397,Nick Ahmed,ARI,SS,3.0,31,26.0,0.24,8,351,2192,1184,325,398,0.5401459854014599
398,Socrates Brito,ARI,"LF,CF",3.0,31,26.0,0.244,14,296,2313,1184,294,399,0.5118893212278426
399,Jeff Baker,MIA,"1B,2B",5.0,22,24.0,0.253,2,425,2066,1173,362,400,0.5677637947725073
400,Brian Goodwin,WSH,CF,4.0,26,23.0,0.221,6,401,1891,1170,412,401,0.6187202538339502
401,Franklin Gutierrez,FA,"CF,RF",6.0,21,22.0,0.23399999999999999,4,391,1959,1169,392,402,0.5967330270546197
402,Matt Carson,LAD,RF,5.0,24,21.0,0.22899999999999998,5,396,1935,1166,398,403,0.6025839793281653
403,Chris Heisey,LAD,"LF,CF,RF",6.0,25,18.0,0.239,5,374,2061,1157,364,404,0.5613779718583212
404,Carlos Pena,TEX,1B,6.0,25,18.0,0.204,1,672,1449,1157,565,405,0.7984817115251898
405,Sean Rodriguez,PIT,"1B,2B,3B,LF,DH",5.0,21,24.0,0.226,2,429,1690,1156,488,406,0.6840236686390533
406,Donnie Murphy,TEX,"1B,2B",7.0,19,21.0,0.225,1,520,1583,1154,524,407,0.7289955780164246
407,Clete Thomas,FA,"LF,CF,RF",5.0,26,19.0,0.21100000000000002,4,459,1726,1151,474,408,0.6668597914252608
408,Shane Peterson,MIL,1B,4.0,25,22.0,0.24600000000000002,4,482,2095,1144,353,409,0.5460620525059666
409,Tommy La Stella,CHC,2B,2.0,30,31.0,0.267,3,341,2253,1143,309,410,0.507323568575233
410,Hank Conger,HOU,C,5.0,22,22.0,0.23199999999999998,0,389,1497,1141,552,411,0.7621910487641951
411,Alex Dickerson,SD,"RF,1B",4.0,24,23.0,0.24600000000000002,3,385,2022,1137,377,412,0.5623145400593472
412,Ryan Brett,TB,2B,4.0,27,20.0,0.254,11,350,2385,1134,281,413,0.47547169811320755
413,Dan Johnson,TOR,"1B,DH",6.0,21,20.0,0.225,0,617,1410,1133,579,414,0.8035460992907801
414,Odubel Herrera,PHI,"2B,SS",2.0,33,27.0,0.25,8,325,2278,1133,301,415,0.49736611062335384
415,Geovany Soto,CWS,C,6.0,20,20.0,0.222,0,413,1370,1115,588,416,0.8138686131386861
416,Brayan Pena,CIN,"C,1B",4.0,22,24.0,0.256,2,347,2042,1114,373,417,0.545543584720862
417,Willy Garcia,PIT,"RF,CF",6.0,19,21.0,0.217,3,473,1649,1111,501,418,0.6737416616130989
418,Melky Mesa,KC,"CF,LF,DH",6.0,19,21.0,0.212,4,466,1688,1111,490,419,0.658175355450237
419,Brock Holt,BOS,"1B,2B,3B,SS,LF,CF,RF",2.0,39,22.0,0.27399999999999997,8,274,2462,1111,263,420,0.4512591389114541
420,Daniel Descalso,COL,"2B,3B,SS",3.0,28,23.0,0.247,3,394,2006,1108,382,421,0.5523429710867398
421,Jorge Bonifacio,KC,RF,3.0,26,24.0,0.23,4,432,1835,1104,432,422,0.6016348773841962
422,Welington Castillo,CHC,C,6.0,18,22.0,0.245,0,381,1638,1101,505,423,0.6721611721611722
423,Jordan Schafer,MIN,"LF,CF",3.0,32,20.0,0.22899999999999998,24,283,2080,1100,359,424,0.5288461538461539
424,Brandon Guyer,TB,"LF,CF,RF",3.0,30,21.0,0.256,6,329,2259,1097,308,425,0.4856131031429836
425,Ryan Raburn,CLE,"LF,RF,DH",5.0,19,23.0,0.22,0,497,1329,1096,597,426,0.8246802106847254
426,David Lough,BAL,"LF,CF,RF",4.0,26,19.0,0.257,6,355,2263,1092,306,427,0.482545293857711
427,Josh Satin,NYM,1B,4.0,24,20.0,0.23800000000000002,0,608,1528,1091,538,428,0.7140052356020943
428,Ryan Roberts,BOS,"3B,2B",5.0,21,20.0,0.233,3,506,1796,1088,445,429,0.6057906458797327
429,Nate Freiman,OAK,1B,5.0,18,24.0,0.244,0,589,1610,1088,519,430,0.675776397515528
430,Justin Maxwell,SF,"CF,RF",5.0,21,20.0,0.218,3,460,1636,1088,506,431,0.6650366748166259
431,Scott Hairston,WSH,"LF,RF",7.0,17,21.0,0.231,2,428,1679,1084,492,432,0.6456223942823109
432,Eric Sogard,OAK,"2B,SS",2.0,33,23.0,0.244,9,344,2156,1076,335,433,0.49907235621521334
433,Collin Cowgill,LAA,"LF,CF,RF",4.0,25,19.0,0.23399999999999999,4,412,1866,1076,420,434,0.5766345123258306
434,Tuffy Gosewisch,ARI,C,4.0,21,23.0,0.21899999999999997,0,519,1297,1075,606,435,0.8288357748650732
435,Bobby Abreu,NYM,"LF,RF",3.0,24,24.0,0.242,5,386,2013,1071,381,436,0.5320417287630402
436,Jackie Bradley,BOS,"CF,RF",3.0,29,20.0,0.223,5,422,1779,1070,452,437,0.6014614952220348
437,Miguel Olivo,LAD,C,7.0,17,20.0,0.221,2,398,1555,1068,531,438,0.6868167202572347
438,Xavier Paul,ARI,LF,5.0,19,21.0,0.249,2,411,1909,1066,409,439,0.5584075432163437
439,Jose Peraza,ATL,"SS,2B",2.0,33,22.0,0.262,22,269,2456,1066,264,440,0.43403908794788276
440,Andrew Brown,NYM,"LF,RF",6.0,18,20.0,0.222,1,475,1472,1065,559,441,0.7235054347826086
441,Brennan Boesch,CIN,"DH,RF",6.0,18,20.0,0.242,3,410,1893,1065,411,442,0.5625990491283677
442,Austin Barnes,LAD,C,4.0,23,20.0,0.239,2,376,1765,1064,457,443,0.6028328611898017
443,Daniel Fields,DET,CF,4.0,23,20.0,0.24,8,382,2072,1064,361,444,0.5135135135135135
444,Nate McLouth,WSH,"LF,CF,RF",4.0,28,17.0,0.23600000000000002,9,370,2037,1063,374,445,0.521845851742759
445,Joe Benson,ATL,"LF,RF",4.0,24,19.0,0.203,6,492,1671,1059,495,446,0.6337522441651705
446,Jesus Montero,SEA,DH,5.0,18,22.0,0.24600000000000002,0,767,1609,1056,520,447,0.656308266003729
447,Stefen Romero,SEA,"LF,RF",5.0,21,19.0,0.228,1,485,1518,1056,540,448,0.6956521739130435
448,Jonathan Villar,HOU,SS,4.0,25,18.0,0.221,14,379,1904,1053,410,449,0.553046218487395
449,Kyle Skipworth,CIN,C,7.0,18,18.0,0.193,1,465,1322,1053,599,450,0.7965204236006052
450,Jett Bandy,LAA,C,5.0,19,20.0,0.226,1,427,1493,1050,554,451,0.7032819825853985
451,Nick Evans,ARI,1B,5.0,19,20.0,0.252,1,578,1834,1050,434,452,0.5725190839694656
452,Clint Robinson,WSH,1B,4.0,21,21.0,0.24100000000000002,0,618,1531,1045,537,453,0.6825604180274331
453,Johnny Giavotella,LAA,2B,3.0,24,22.0,0.244,4,477,1959,1039,391,454,0.5303726391015824
454,Austin Hedges,SD,C,3.0,24,22.0,0.22,2,433,1515,1039,542,455,0.6858085808580858
455,Brent Lillibridge,TEX,"2B,3B",5.0,23,17.0,0.201,9,535,1727,1036,473,456,0.5998841922408802
456,Trayvon Robinson,LAD,"LF,CF",4.0,24,18.0,0.207,7,494,1695,1036,485,457,0.6112094395280236
457,Eric Chavez,ARI,3B,6.0,16,22.0,0.267,2,713,2055,1034,367,458,0.5031630170316301
458,Eric Young,ATL,LF,2.0,37,19.0,0.24600000000000002,22,270,2236,1032,315,459,0.46153846153846156
459,David Adams,CLE,"2B,3B",4.0,21,20.0,0.23399999999999999,1,583,1573,1029,527,460,0.6541640178003815
460,Taylor Featherston,LAA,2B,4.0,21,20.0,0.21100000000000002,4,630,1604,1029,522,461,0.6415211970074813
461,Charlie Culberson,COL,"2B,3B,SS",4.0,19,22.0,0.24100000000000002,4,455,1911,1027,406,462,0.5374149659863946
462,Ben Paulsen,COL,1B,6.0,17,20.0,0.26,0,570,1747,1025,465,463,0.5867200915855753
463,Andy Dirks,TOR,"LF,CF",4.0,25,17.0,0.267,3,373,2131,1021,342,464,0.4791177850774284
464,Stephen Piscotty,STL,"RF,LF,3B",3.0,25,20.0,0.265,4,362,2178,1020,328,465,0.46831955922865015
465,Nick Delmonico,MIL,3B,5.0,18,20.0,0.235,3,761,1756,1020,461,466,0.5808656036446469
466,Blake Swihart,BOS,C,4.0,20,20.0,0.247,2,384,1820,1011,438,467,0.5554945054945055
467,Alex Presley,HOU,"LF,CF,RF",5.0,22,16.0,0.249,4,415,1990,992,387,468,0.4984924623115578
468,Carlos Correa,HOU,SS,3.0,23,21.0,0.248,6,406,2055,992,368,469,0.4827250608272506
469,Kevin Mattison,MIL,"LF,CF",4.0,22,18.0,0.201,8,470,1659,991,497,470,0.5973477998794454
470,Rob Refsnyder,NYY,2B,4.0,22,18.0,0.249,3,489,1923,991,400,471,0.515340613624545
471,Andrew Susac,SF,C,4.0,19,20.0,0.239,0,402,1449,991,564,472,0.68391994478951
472,Martin Maldonado,MIL,C,5.0,17,20.0,0.218,0,476,1196,980,627,473,0.8193979933110368
473,Craig Gentry,OAK,"LF,CF,RF",1.0,38,21.0,0.258,20,264,2325,980,291,474,0.421505376344086
474,Cheslor Cuthbert,KC,3B,4.0,20,19.0,0.24100000000000002,3,770,1797,979,443,475,0.5447968836950473
475,Marwin Gonzalez,HOU,"2B,3B,SS",4.0,23,17.0,0.251,3,452,1930,977,399,476,0.5062176165803108
476,Ivan De Jesus,BAL,2B,3.0,23,20.0,0.24600000000000002,2,510,1772,976,454,477,0.5507900677200903
477,Thomas Neal,CIN,LF,3.0,24,19.0,0.242,2,436,1710,971,481,478,0.5678362573099415
478,Ruben Tejada,NYM,SS,2.0,26,21.0,0.248,2,464,1800,971,442,479,0.5394444444444444
479,Ichiro Suzuki,MIA,"LF,RF",2.0,30,19.0,0.267,10,314,2321,968,292,480,0.41706161137440756
480,Steven Moya,DET,"RF,LF",6.0,16,19.0,0.23399999999999999,3,449,1690,966,489,481,0.5715976331360947
481,Anthony Recker,NYM,C,6.0,16,19.0,0.20800000000000002,1,467,1281,966,609,482,0.7540983606557377
482,Everth Cabrera,BAL,SS,2.0,32,18.0,0.254,20,290,2268,964,305,483,0.42504409171075835
483,Luis Jimenez,MIL,3B,4.0,19,19.0,0.245,3,764,1828,959,437,484,0.524617067833698
484,Johnny Monell,BAL,C,4.0,20,18.0,0.218,2,435,1415,956,576,485,0.6756183745583039
485,Blake Tekotte,FA,"CF,LF",4.0,20,18.0,0.20600000000000002,5,529,1551,956,533,486,0.6163765312701482
486,John Buck,LAA,C,5.0,16,20.0,0.21600000000000003,0,481,1151,953,639,487,0.8279756733275413
487,Jamie Romak,LAD,"RF,LF",5.0,17,19.0,0.213,1,549,1283,948,608,488,0.7388932190179267
488,Marco Scutaro,SF,2B,2.0,30,18.0,0.28600000000000003,2,371,2055,945,369,489,0.45985401459854014
489,Francisco Peguero,BAL,"LF,RF",3.0,23,19.0,0.239,3,451,1734,944,470,490,0.544405997693195
490,Jake Goebbert,SD,1B,4.0,21,17.0,0.22899999999999998,2,656,1508,942,548,491,0.6246684350132626
491,Ed Lucas,MIA,"2B,SS,3B",3.0,27,16.0,0.239,1,495,1543,933,534,492,0.6046662346079067
492,Zelous Wheeler,NYY,"3B,RF",5.0,18,17.0,0.231,1,515,1437,933,567,493,0.6492693110647182
493,Matt den Dekker,WSH,OF,3.0,25,17.0,0.24,7,399,1910,933,407,494,0.4884816753926702
494,Junior Lake,CHC,"LF,CF",5.0,20,15.0,0.242,5,440,1874,932,416,495,0.4973319103521878
495,Oscar Hernandez,ARI,C,4.0,18,19.0,0.23,2,438,1505,929,550,496,0.6172757475083056
496,Chris Taylor,SEA,SS,2.0,28,18.0,0.259,10,354,2215,926,320,497,0.41805869074492097
497,Jarrod Dyson,KC,CF,1.0,33,20.0,0.25,29,255,2201,926,323,498,0.42071785552021806
498,Dilson Herrera,NYM,2B,5.0,17,18.0,0.24100000000000002,3,539,1743,925,467,499,0.5306942053930006
499,Justin Christian,TB,LF,3.0,26,16.0,0.225,8,437,1735,923,468,500,0.5319884726224784
500,Skip Schumaker,CIN,"2B,LF,CF,RF",2.0,23,21.0,0.247,2,456,1720,911,477,501,0.5296511627906977
501,Adam Rosales,TEX,"1B,2B,3B",4.0,19,17.0,0.23399999999999999,2,598,1539,904,535,502,0.5873944119558154
502,Grant Green,LAA,"2B,LF",3.0,19,20.0,0.256,2,442,1831,903,436,503,0.4931731294374659
503,Donovan Solano,MIA,2B,2.0,22,21.0,0.258,2,500,1841,893,428,504,0.4850624660510592
504,Cameron Maybin,ATL,CF,3.0,24,16.0,0.23399999999999999,7,431,1786,890,450,505,0.49832026875699886
505,Will Rhymes,WAS,2B,2.0,24,19.0,0.244,3,531,1744,890,466,506,0.5103211009174312
506,Julio Borbon,FA,CF,3.0,24,16.0,0.24100000000000002,10,387,1951,890,394,507,0.45617631983598156
507,Chris Valaika,CHC,"1B,2B,3B",4.0,17,19.0,0.23399999999999999,1,625,1433,889,570,508,0.6203768318213538
508,Gorkys Hernandez,KC,"LF,CF",2.0,25,18.0,0.22899999999999998,9,414,1765,884,458,509,0.5008498583569405
509,Tyler Saladino,CWS,SS,4.0,19,16.0,0.22899999999999998,5,512,1647,878,502,510,0.533090467516697
510,Ed Easley,STL,C,4.0,18,17.0,0.248,1,416,1612,874,518,511,0.5421836228287841
511,Brad Glenn,TOR,"RF,3B",5.0,15,18.0,0.201,1,619,1156,871,637,512,0.7534602076124568
512,Eric Campbell,NYM,"1B,3B,LF",3.0,20,18.0,0.252,3,450,1832,868,435,513,0.4737991266375546
513,Jose Lobaton,WSH,C,3.0,20,18.0,0.23199999999999998,0,468,1224,868,622,514,0.7091503267973857
514,Nick Noonan,SF,2B,2.0,24,18.0,0.21600000000000003,2,682,1308,867,603,515,0.6628440366972477
515,Carlos Sanchez,CWS,2B,2.0,24,18.0,0.249,6,480,1944,867,395,516,0.44598765432098764
516,Jason Rogers,MIL,"1B,3B",4.0,17,18.0,0.249,1,650,1618,866,513,517,0.5352286773794809
517,Adam Duvall,SF,1B,4.0,17,18.0,0.223,1,716,1281,866,610,518,0.6760343481654957
518,Justin Bour,MIA,1B,4.0,17,18.0,0.255,1,627,1692,866,486,519,0.5118203309692672
519,Mark Ellis,STL,2B,2.0,23,19.0,0.239,3,568,1653,863,498,520,0.5220810647307925
520,Travis Ishikawa,SF,"1B,LF",4.0,16,19.0,0.231,0,560,1214,862,623,521,0.7100494233937397
521,Jace Peterson,ATL,"2B,3B,SS",1.0,26,20.0,0.23199999999999998,10,423,1782,851,451,522,0.4775533108866442
522,Emmanuel Burriss,WSH,2B,2.0,26,16.0,0.24600000000000002,9,439,1953,842,393,523,0.431131592421915
523,Carlos Corporan,TEX,C,5.0,16,16.0,0.231,0,463,1192,840,628,524,0.7046979865771812
524,Eric Farris,MIN,2B,2.0,23,18.0,0.24,9,486,1871,840,418,525,0.4489577765900588
525,Kevin Kouzmanoff,TEX,3B,4.0,15,19.0,0.263,1,771,1730,835,471,526,0.48265895953757226
526,Kevin Frandsen,WSH,"1B,2B,3B,LF",2.0,21,19.0,0.265,0,447,1588,828,523,527,0.5214105793450882
527,Cliff Pennington,ARI,"2B,3B,SS",2.0,25,16.0,0.239,6,471,1761,826,459,528,0.4690516751845542
528,John Hicks,SEA,C,2.0,22,18.0,0.215,4,454,1414,822,577,529,0.5813295615275813
529,James Jones,SEA,"CF,RF",2.0,29,14.0,0.247,13,346,1988,822,388,530,0.4134808853118712
530,Rafael Ortega,STL,CF,3.0,22,15.0,0.24,9,417,1851,820,425,531,0.4430037817396002
531,Aaron Altherr,PHI,"LF,CF",3.0,18,18.0,0.217,4,544,1422,818,574,532,0.5752461322081576
532,James McCann,DET,C,3.0,18,18.0,0.242,3,424,1646,818,503,533,0.49696233292831105
533,Kevin Plawecki,NYM,C,3.0,19,17.0,0.251,0,426,1437,816,566,534,0.5678496868475992
534,Jimmy Paredes,BAL,"3B,RF",3.0,19,17.0,0.235,7,458,1724,816,476,535,0.4733178654292343
535,Erik Kratz,KC,C,5.0,14,17.0,0.22899999999999998,0,479,1136,813,644,536,0.715669014084507
536,Hector Gimenez,FA,C,4.0,15,18.0,0.221,0,493,1056,812,670,537,0.7689393939393939
537,Jordany Valdespin,MIA,"2B,RF,CF",4.0,17,16.0,0.242,5,457,1750,808,463,538,0.4617142857142857
538,Jeff Francoeur,PHI,RF,4.0,17,16.0,0.22699999999999998,2,562,1353,808,590,539,0.5971914264597191
539,Andy LaRoche,TOR,"3B,SS",4.0,16,17.0,0.23399999999999999,1,592,1351,807,591,540,0.5973353071798667
540,David Ross,CHC,C,6.0,14,15.0,0.204,0,532,947,807,689,541,0.8521647307286166
541,Ryan Wheeler,COL,"3B,1B",3.0,16,20.0,0.226,1,739,1249,806,618,542,0.6453162530024019
542,Jordan Danks,PHI,"LF,CF",4.0,18,14.0,0.22899999999999998,4,523,1515,794,543,543,0.524092409240924
543,Casper Wells,FA,"LF,RF",4.0,18,14.0,0.21100000000000002,1,600,1123,794,647,544,0.7070347284060552
544,Jordan Pacheco,ARI,"C,1B",2.0,18,20.0,0.265,2,392,1795,792,447,545,0.44122562674094706
545,Dian Toscano,ATL,LF,2.0,22,17.0,0.255,3,446,1796,790,446,546,0.4398663697104677
546,Brandon Snyder,FA,"1B,3B",5.0,15,15.0,0.233,1,708,1316,788,602,547,0.5987841945288754
547,Reed Johnson,WSH,"LF,RF",2.0,20,18.0,0.247,0,514,1353,787,589,548,0.581670362158167
548,Omar Quintanilla,NYM,SS,2.0,20,18.0,0.245,1,556,1476,787,557,549,0.5331978319783198
549,Daric Barton,TOR,1B,3.0,18,17.0,0.23399999999999999,1,707,1330,786,596,550,0.5909774436090226
550,Adron Chambers,HOU,"LF,CF",3.0,20,15.0,0.231,5,491,1583,785,525,551,0.49589387239418825
551,Roger Kieschnick,ARI,LF,4.0,16,16.0,0.201,1,660,1066,781,666,552,0.7326454033771107
552,Marc Krauss,LAA,"1B,LF",4.0,15,17.0,0.207,1,621,1087,780,659,553,0.7175712971481141
553,Eduardo Nunez,MIN,"3B,SS,LF",2.0,21,17.0,0.254,8,400,1972,773,389,554,0.3919878296146045
554,Nyjer Morgan,CLE,CF,2.0,25,14.0,0.254,6,405,1913,772,405,555,0.4035546262415055
555,Tony Abreu,SF,2B,2.0,19,18.0,0.248,1,602,1505,767,549,556,0.5096345514950166
556,Ronny Cedeno,PHI,SS,2.0,19,18.0,0.243,2,545,1515,767,544,557,0.5062706270627063
557,Jose Pirela,NYY,2B,3.0,19,15.0,0.255,3,557,1771,765,455,558,0.43195934500282324
558,Carlos Peguero,TEX,RF,5.0,14,15.0,0.22,2,548,1238,762,620,559,0.6155088852988692
559,Clint Barmes,SD,"2B,SS",3.0,18,16.0,0.22,1,678,1145,760,643,560,0.6637554585152838
560,Ryan Sweeney,CHC,"LF,CF,RF",3.0,18,16.0,0.255,0,521,1434,760,569,561,0.5299860529986054
561,Addison Russell,CHC,SS,4.0,16,15.0,0.253,4,502,1804,756,441,562,0.4190687361419069
562,Trevor Crowe,FA,"CF,RF,LF",2.0,20,17.0,0.23199999999999998,7,484,1615,755,514,563,0.4674922600619195
563,Jeff Mathis,MIA,C,4.0,14,17.0,0.195,0,638,876,754,700,564,0.860730593607306
564,Jesus Aguilar,CLE,1B,4.0,15,16.0,0.235,0,732,1158,754,636,565,0.6511226252158895
565,Chris Nelson,SD,3B,3.0,16,18.0,0.252,1,775,1535,751,536,566,0.48925081433224754
566,Jose Tabata,PIT,"LF,RF",2.0,21,16.0,0.265,3,444,1839,747,429,567,0.4061990212071778
567,Maicer Izturis,TOR,2B,2.0,21,16.0,0.24600000000000002,4,584,1698,747,484,568,0.43992932862190814
568,Greg Dobbs,WSH,1B,3.0,15,19.0,0.24100000000000002,1,720,1385,747,585,569,0.5393501805054152
569,Wilkin Ramirez,MIN,"LF,CF,RF",3.0,17,17.0,0.233,3,538,1454,746,563,570,0.5130674002751031
570,Xavier Avery,SEA,LF,2.0,22,15.0,0.245,9,418,1834,739,433,571,0.40294438386041437
571,Rymer Liriano,SD,RF,3.0,19,14.0,0.222,5,528,1437,736,568,572,0.5121781489213639
572,Moises Sierra,KC,"RF,LF",3.0,19,14.0,0.245,3,508,1605,736,521,573,0.4585669781931464
573,Vince Belnome,TB,"DH,2B",3.0,18,15.0,0.222,0,706,990,735,685,574,0.7424242424242424
574,Jorge Polanco,MIN,"SS,2B",2.0,19,17.0,0.248,3,511,1653,735,499,575,0.44464609800362975
575,Jayson Nix,KC,"2B,3B",3.0,18,15.0,0.214,6,655,1403,735,582,576,0.5238774055595153
576,Christian Colon,KC,2B,2.0,20,16.0,0.263,5,501,1918,729,403,577,0.3800834202294056
577,Tyler Collins,DET,RF,4.0,14,16.0,0.24100000000000002,2,537,1457,728,562,578,0.49965682910089226
578,Brandon Hicks,SF,2B,4.0,16,14.0,0.192,1,741,994,727,684,579,0.7313883299798792
579,Lars Anderson,CHC,LF,3.0,17,16.0,0.221,1,609,1116,720,648,580,0.6451612903225806
580,Pete Kozma,STL,SS,2.0,19,16.0,0.22699999999999998,2,629,1254,709,615,581,0.5653907496012759
581,Darwin Barney,LAD,2B,2.0,19,16.0,0.23399999999999999,1,683,1253,709,616,582,0.5658419792498005
582,Lane Adams,KC,"LF,CF,RF",3.0,18,14.0,0.226,7,505,1501,706,551,583,0.4703530979347102
583,Abraham Almonte,SD,"LF,CF",3.0,18,14.0,0.239,4,518,1562,706,530,584,0.4519846350832266
584,Aaron Cunningham,CHC,"RF,LF",2.0,18,17.0,0.21899999999999997,2,606,1170,705,634,585,0.6025641025641025
585,J.B. Shuck,CWS,LF,1.0,23,17.0,0.255,4,445,1776,704,453,586,0.3963963963963964
586,John Hester,LAA,C,4.0,17,12.0,0.20800000000000002,1,543,1019,704,679,587,0.6908734052993131
587,Christian Walker,BAL,1B,4.0,14,15.0,0.245,0,726,1240,703,619,588,0.5669354838709677
588,Xavier Scruggs,STL,1B,4.0,14,15.0,0.218,1,752,1071,703,662,589,0.6563958916900093
589,Chris Dominguez,CIN,"LF,3B",4.0,14,15.0,0.215,3,599,1229,703,621,590,0.5720097640358015
590,Hector Sanchez,SF,C,3.0,11,21.0,0.231,0,517,1053,701,671,591,0.6657169990503324
591,Joey Terdoslavich,ATL,"1B,RF,LF",3.0,17,15.0,0.24,1,569,1320,695,600,592,0.5265151515151515
592,Steve Tolleson,TOR,"2B,3B",3.0,17,15.0,0.233,3,634,1403,695,581,593,0.4953670705630791
593,Joaquin Arias,SF,"1B,2B,3B,SS",1.0,19,19.0,0.256,2,534,1614,686,516,594,0.4250309789343247
594,Pedro Florimon,PIT,SS,2.0,19,15.0,0.213,7,613,1371,684,587,595,0.4989059080962801
595,Logan Schafer,MIL,"LF,CF,RF",2.0,18,16.0,0.222,4,574,1332,679,594,596,0.5097597597597597
596,Jason Donald,KC,"2B,3B,SS",3.0,18,13.0,0.213,3,671,1190,675,629,597,0.5672268907563025
597,Enrique Hernandez,LAD,"LF,CF,2B",3.0,16,15.0,0.253,1,526,1470,668,560,598,0.454421768707483
598,Scott Sizemore,NYY,"3B,2B",3.0,15,16.0,0.239,1,669,1276,666,611,599,0.5219435736677116
599,Rob Brantly,CWS,C,2.0,17,17.0,0.23399999999999999,0,509,1057,665,669,600,0.6291390728476821
600,Brendan Ryan,NYY,"2B,SS",2.0,18,15.0,0.198,3,733,1113,654,649,601,0.5876010781671159
601,Shane Robinson,MIN,"RF,CF",2.0,18,15.0,0.23800000000000002,3,554,1423,654,573,602,0.4595924104005622
602,Jerry Sands,TB,"DH,LF",4.0,13,14.0,0.21100000000000002,0,659,827,650,707,603,0.7859733978234583
603,Kyle Blanks,OAK,"1B,RF",4.0,14,13.0,0.24600000000000002,0,575,1196,643,626,604,0.5376254180602007
604,Bryce Brentz,BOS,LF,4.0,14,13.0,0.248,1,559,1381,643,586,605,0.4656046343229544
605,Jhonatan Solano,WSH,C,3.0,15,15.0,0.243,1,483,1298,641,605,606,0.4938366718027735
606,Gregorio Petit,NYY,"3B,SS,2B",3.0,16,14.0,0.24600000000000002,1,603,1344,639,592,607,0.47544642857142855
607,Reymond Fuentes,KC,CF,2.0,18,14.0,0.239,8,469,1618,625,512,608,0.3862793572311496
608,Andrew Romine,DET,"2B,SS",2.0,20,12.0,0.23600000000000002,6,566,1518,625,539,609,0.41172595520421607
609,Hernan Perez,DET,2B,2.0,18,14.0,0.252,5,588,1703,625,483,610,0.3669994128009395
610,Ramon Santiago,CIN,"2B,3B,SS",2.0,18,14.0,0.233,1,645,1153,625,638,611,0.5420641803989592
611,Ian Stewart,LAA,3B,4.0,13,13.0,0.191,1,781,885,619,696,612,0.6994350282485876
612,Domingo Santana,HOU,RF,4.0,13,13.0,0.21600000000000003,1,641,969,619,686,613,0.6388028895768834
613,Cesar Hernandez,PHI,"2B,3B,CF",1.0,21,15.0,0.259,4,478,1730,618,472,614,0.35722543352601155
614,Cory Spangenberg,SD,"3B,2B",2.0,17,15.0,0.249,7,572,1718,614,479,615,0.3573923166472643
615,Jose Molina,TB,C,2.0,15,17.0,0.207,3,670,1098,611,653,616,0.5564663023679417
616,Steve Lombardozzi,PIT,2B,1.0,20,15.0,0.267,3,564,1710,600,480,617,0.3508771929824561
617,Corey Brown,BOS,"RF,LF",4.0,13,12.0,0.205,3,652,1078,600,661,618,0.5565862708719852
618,L.J. Hoes,HOU,"LF,RF",2.0,18,13.0,0.24600000000000002,3,530,1479,594,556,619,0.40162271805273836
619,Logan Watkins,CHC,2B,2.0,18,13.0,0.231,5,642,1392,594,584,620,0.4267241379310345
620,Rafael Furcal,MIA,"2B,SS",2.0,18,13.0,0.248,4,561,1578,594,526,621,0.376425855513308
621,Todd Cunningham,ATL,"LF,CF",2.0,18,13.0,0.251,5,498,1661,594,496,622,0.3576158940397351
622,Cameron Rupp,PHI,C,3.0,13,15.0,0.20600000000000002,0,614,740,591,724,623,0.7986486486486486
623,Tommy Field,LAA,"2B,SS",3.0,16,12.0,0.217,2,684,1038,589,675,624,0.5674373795761078
624,Ryan Goins,TOR,"2B,SS",2.0,16,15.0,0.231,1,688,1091,587,655,625,0.538038496791934
625,Caleb Gindl,TOR,"RF,LF",3.0,14,14.0,0.225,1,633,1015,586,681,626,0.5773399014778325
626,J.R. Murphy,NYY,C,3.0,14,14.0,0.23600000000000002,0,533,1002,586,682,627,0.5848303393213573
627,Elliot Johnson,CLE,"RF,2B",2.0,17,14.0,0.217,8,552,1326,585,598,628,0.4411764705882353
628,Ezequiel Carrera,TOR,"CF,LF",2.0,19,11.0,0.253,10,443,1807,582,439,629,0.32208079690094077
629,Jim Adduci,TEX,LF,2.0,18,12.0,0.21899999999999997,6,591,1274,575,612,630,0.4513343799058085
630,Kensuke Tanaka,TEX,LF,2.0,18,12.0,0.251,6,487,1673,575,493,631,0.3436939629408249
631,Tony Sanchez,PIT,C,3.0,12,15.0,0.226,0,567,857,566,702,632,0.6604434072345391
632,Matt McBride,COL,"1B,LF,RF",3.0,12,15.0,0.266,0,579,1331,566,595,633,0.425244177310293
633,Brendan Harris,FA,"3B,SS",3.0,15,12.0,0.221,0,705,806,562,711,634,0.6972704714640199
634,Jesus Flores,FA,C,3.0,13,14.0,0.20800000000000002,0,631,725,562,727,635,0.7751724137931034
635,Alfredo Marte,ARI,"LF,RF",3.0,13,14.0,0.217,1,667,920,562,690,636,0.6108695652173913
636,Kyle Parker,COL,"RF,LF",3.0,13,14.0,0.258,1,580,1419,562,575,637,0.3960535588442565
637,Matt Duffy,SF,3B,1.0,17,17.0,0.251,5,774,1628,561,509,638,0.34459459459459457
638,Tyler Ladendorf,OAK,"SS,2B",2.0,16,14.0,0.21,1,725,882,558,699,639,0.6326530612244898
639,Quintin Berry,BAL,"CF,LF",1.0,20,13.0,0.23,11,474,1460,540,561,640,0.3698630136986301
640,Chris Dickerson,TOR,"LF,RF,DH",3.0,15,11.0,0.225,4,597,1214,539,624,641,0.4439868204283361
641,Cord Phelps,BAL,2B,3.0,14,12.0,0.239,1,710,1146,536,642,642,0.4677137870855148
642,Jemile Weeks,BOS,2B,1.0,22,11.0,0.242,5,611,1475,533,558,643,0.36135593220338985
643,Ryan Jackson,KC,"2B,SS,3B",2.0,15,14.0,0.233,2,674,1150,531,641,644,0.4617391304347826
644,Ryan Lavarnway,BAL,"1B,C",3.0,13,13.0,0.242,0,525,1027,531,677,645,0.5170399221032133
645,Nevin Ashley,PIT,C,2.0,15,14.0,0.209,1,596,851,531,705,646,0.6239717978848414
646,Mike McCoy,BOS,"CF,2B",1.0,19,13.0,0.20800000000000002,7,604,1187,520,632,647,0.43807919123841615
647,Brett Jackson,SF,CF,3.0,14,11.0,0.19,3,714,958,513,688,648,0.535490605427975
648,Jason Pridie,COL,LF,3.0,13,12.0,0.21899999999999997,4,648,1132,512,645,649,0.45229681978798586
649,Rafael Ynoa,COL,"3B,2B",1.0,16,16.0,0.273,3,586,1649,508,500,650,0.3080654942389327
650,Donald Lutz,CIN,"1B,LF",3.0,12,13.0,0.218,2,668,965,506,687,651,0.5243523316062176
651,Matt Clark,MIL,1B,4.0,9,11.0,0.225,0,773,781,504,716,652,0.645326504481434
652,Chris Getz,TOR,2B,1.0,19,12.0,0.23800000000000002,10,571,1513,501,546,653,0.33113020489094513
653,Chase d'Arnaud,PIT,"SS,2B",1.0,19,12.0,0.214,9,594,1250,501,617,654,0.4008
654,Roger Bernadina,LAD,"LF,CF,RF",2.0,15,13.0,0.223,5,593,1209,500,625,655,0.41356492969396197
655,Carlos Triunfel,LAD,SS,2.0,15,13.0,0.23600000000000002,1,675,1068,500,663,656,0.4681647940074906
656,Mike Fontenot,WAS,2B,1.0,18,13.0,0.233,2,729,1109,490,650,657,0.4418394950405771
657,Paul Janish,FA,"3B,SS",1.0,18,13.0,0.207,1,756,797,490,713,658,0.6148055207026348
658,Manny Pina,SEA,C,3.0,13,11.0,0.233,1,555,1017,489,680,659,0.4808259587020649
659,Xavier Nady,SD,LF,3.0,12,12.0,0.204,1,709,779,487,718,660,0.6251604621309371
660,Engel Beltre,TEX,"CF,RF",2.0,16,11.0,0.248,5,550,1517,485,541,661,0.3197099538562953
661,Efren Navarro,LAA,"1B,LF",1.0,16,15.0,0.237,1,635,1058,483,668,662,0.45652173913043476
662,Brent Morel,PIT,3B,1.0,17,14.0,0.21899999999999997,3,780,1035,481,676,663,0.4647342995169082
663,Endy Chavez,SEA,"LF,CF,RF",1.0,17,14.0,0.255,3,563,1487,481,555,664,0.3234700739744452
664,Willie Bloomquist,SEA,"1B,2B,3B,SS",1.0,17,14.0,0.276,2,542,1552,481,532,665,0.30992268041237114
665,Yorman Rodriguez,CIN,CF,2.0,15,12.0,0.231,3,624,1165,481,635,666,0.4128755364806867
666,Roberto Perez,CLE,C,2.0,15,12.0,0.218,0,612,697,481,734,667,0.6901004304160688
667,Cristhian Adames,COL,SS,1.0,17,14.0,0.273,4,507,1688,481,491,668,0.2849526066350711
668,Cole Gillespie,TOR,"LF,RF",2.0,15,12.0,0.233,2,622,1100,481,652,669,0.43727272727272726
669,George Kottaras,TOR,C,4.0,8,10.0,0.201,0,636,605,472,747,670,0.7801652892561983
670,Hector Gomez,MIL,SS,3.0,11,12.0,0.217,1,740,826,468,708,671,0.5665859564164649
671,Chris Snyder,WAS,C,3.0,11,12.0,0.19399999999999998,0,664,587,468,748,672,0.797274275979557
672,Andy Parrino,OAK,SS,2.0,14,12.0,0.205,1,748,753,455,719,673,0.6042496679946879
673,Paulo Orlando,KC,"CF,LF",1.0,16,14.0,0.242,6,546,1427,454,571,674,0.3181499649614576
674,Mike Baxter,LAD,"LF,RF",2.0,15,10.0,0.226,3,639,1061,438,667,675,0.412818096135721
675,Garin Cecchini,BOS,3B,2.0,14,11.0,0.253,3,779,1414,432,578,676,0.3055162659123055
676,Nolan Reimold,ARI,"RF,DH",3.0,10,11.0,0.22699999999999998,1,687,882,428,698,677,0.4852607709750567
677,Chris Stewart,PIT,C,1.0,15,14.0,0.23600000000000002,1,582,995,427,683,678,0.4291457286432161
678,Jack Hannahan,CIN,"1B,3B",2.0,12,13.0,0.221,0,776,669,425,737,679,0.6352765321375187
679,Joey Butler,STL,"RF,LF",2.0,14,10.0,0.226,1,690,855,412,703,680,0.4818713450292398
680,Darin Mastroianni,TOR,"RF,CF,LF",2.0,14,10.0,0.233,7,585,1292,412,607,681,0.3188854489164087
681,Curt Casali,TB,C,2.0,15,9.0,0.205,0,673,556,410,754,682,0.737410071942446
682,Elian Herrera,MIL,"3B,SS,RF,LF",1.0,17,11.0,0.249,4,573,1406,408,580,683,0.2901849217638691
683,Brooks Conrad,SD,"2B,3B",3.0,10,10.0,0.204,0,769,548,408,755,684,0.7445255474452555
684,Alex Hassan,OAK,RF,2.0,13,11.0,0.245,1,647,1097,408,654,685,0.37192342752962626
685,Jaff Decker,PIT,LF,2.0,13,11.0,0.214,1,701,751,408,721,686,0.5432756324900133
686,Chris Herrmann,MIN,"LF,RF,C",2.0,13,11.0,0.214,1,623,751,408,720,687,0.5432756324900133
687,Luis Sardinas,MIL,"2B,SS",1.0,16,12.0,0.266,5,565,1615,404,515,688,0.2501547987616099
688,Cole Figueroa,TB,"2B,SS",1.0,15,13.0,0.257,2,626,1333,396,593,689,0.2970742685671418
689,Billy Burns,OAK,CF,0.0,20,10.0,0.237,14,472,1425,395,572,690,0.2771929824561403
690,Dean Anna,STL,SS,2.0,13,10.0,0.23399999999999999,0,719,780,388,717,691,0.49743589743589745
691,Erik Komatsu,WSH,RF,2.0,13,10.0,0.225,2,681,908,388,692,692,0.42731277533039647
692,Ryan Kalish,CHC,"LF,CF,RF",2.0,13,10.0,0.22699999999999998,4,640,1088,388,656,693,0.35661764705882354
693,Reid Brignac,PHI,"3B,SS",2.0,11,12.0,0.20800000000000002,1,757,702,387,733,694,0.5512820512820513
694,Carlos Rivero,SEA,"3B,SS",2.0,12,11.0,0.231,1,723,887,383,695,695,0.4317925591882751
695,Jacob Elmore,PIT,SS,1.0,16,11.0,0.231,4,676,1131,381,646,696,0.33687002652519893
696,Jeff Bianchi,MIL,"3B,SS",1.0,13,14.0,0.223,2,737,883,377,697,697,0.4269535673839185
697,Jonathan Herrera,CHC,"3B,SS",1.0,16,10.0,0.253,2,643,1254,361,614,698,0.2878787878787879
698,Pedro Ciriaco,KC,"2B,SS",1.0,16,10.0,0.253,7,577,1515,361,545,699,0.2382838283828383
699,Tony Cruz,STL,C,1.0,12,14.0,0.22,0,649,585,352,749,700,0.6017094017094017
700,Munenori Kawasaki,TOR,"2B,3B",0.0,17,12.0,0.239,2,722,1049,348,672,701,0.3317445185891325
701,Taylor Teagarden,NYM,C,3.0,7,9.0,0.195,0,689,470,348,763,702,0.7404255319148936
702,Tim Federowicz,SD,C,2.0,10,11.0,0.22,0,653,580,347,751,703,0.5982758620689655
703,Drew Butera,LAA,C,2.0,11,10.0,0.18899999999999997,0,728,455,344,768,704,0.756043956043956
704,Audry Perez,STL,C,2.0,9,11.0,0.264,0,590,1087,335,657,705,0.30818767249310025
705,Irving Falu,MIL,"2B,3B",1.0,15,10.0,0.248,4,711,1318,334,601,706,0.2534142640364188
706,Matthew Szczur,CHC,"RF,CF",1.0,15,10.0,0.244,5,601,1302,334,604,707,0.2565284178187404
707,Shawn O'Malley,LAA,"LF,SS",1.0,16,9.0,0.221,5,657,1023,333,678,708,0.3255131964809384
708,Tony Wolters,CLE,C,1.0,14,11.0,0.223,1,637,743,328,722,709,0.4414535666218035
709,Bryan Holaday,DET,C,1.0,13,12.0,0.233,1,595,855,327,704,710,0.3824561403508772
710,Ramiro Pena,ATL,"2B,3B,SS",2.0,11,9.0,0.242,0,745,812,316,709,711,0.3891625615763547
711,Sandy Leon,BOS,C,2.0,11,9.0,0.209,1,661,636,316,739,712,0.4968553459119497
712,Francisco Pena,KC,C,2.0,9,10.0,0.226,0,646,606,315,746,713,0.5198019801980198
713,Jackson Williams,COL,C,2.0,9,10.0,0.204,0,696,455,315,767,714,0.6923076923076923
714,Gary Brown,SF,CF,1.0,14,10.0,0.231,5,628,1106,308,651,715,0.27848101265822783
715,Chris Gimenez,CLE,"C,1B",1.0,13,11.0,0.23800000000000002,0,605,741,304,723,716,0.41025641025641024
716,J.T. Realmuto,MIA,C,1.0,12,12.0,0.244,2,541,1067,302,664,717,0.2830365510777882
717,Adrian Nieto,CWS,C,2.0,10,9.0,0.22399999999999998,1,644,718,299,728,718,0.41643454038997213
718,Dan Butler,WSH,C,2.0,9,9.0,0.23,0,666,620,287,743,719,0.4629032258064516
719,Tim Beckham,TB,"SS,2B",1.0,13,10.0,0.237,3,694,1039,284,674,720,0.273339749759384
720,Jeff Kobernus,WSH,"2B,LF",1.0,14,9.0,0.248,8,553,1401,280,583,721,0.1998572448251249
721,Eury Perez,ATL,CF,1.0,14,9.0,0.26899999999999996,9,503,1626,280,511,722,0.17220172201722017
722,Tony Campana,LAA,CF,0.0,18,7.0,0.235,11,540,1270,279,613,723,0.21968503937007874
723,Rafael Lopez,CHC,C,1.0,12,11.0,0.235,0,615,683,279,736,724,0.4084919472913616
724,Max Stassi,HOU,"C,DH",2.0,8,9.0,0.23,0,654,608,275,745,725,0.45230263157894735
725,Matt Pagnozzi,MIL,C,2.0,9,8.0,0.20600000000000002,0,715,415,266,772,726,0.6409638554216868
726,Adam Moore,SD,C,2.0,9,8.0,0.214,0,686,457,266,766,727,0.5820568927789934
727,Michael Martinez,PIT,"2B,LF,CF",1.0,12,10.0,0.21,1,746,583,259,750,728,0.444253859348199
728,Josh Thole,TOR,C,1.0,12,10.0,0.233,0,658,635,259,740,729,0.4078740157480315
729,Don Kelly,MIA,"1B,3B,LF,CF,RF",1.0,14,8.0,0.226,2,700,793,259,714,730,0.3266078184110971
730,Jonathan Diaz,TOR,"SS,3B",1.0,13,9.0,0.19699999999999998,2,762,624,256,742,731,0.41025641025641024
731,Tyler Pastornicky,ATL,2B,1.0,13,9.0,0.255,2,743,1173,256,633,732,0.21824381926683717
732,Eli Whiteside,CHC,C,2.0,8,8.0,0.19,1,721,519,254,759,733,0.48940269749518306
733,Bryan Anderson,OAK,C,2.0,8,8.0,0.214,0,691,445,254,770,734,0.5707865168539326
734,Antoan Richardson,TEX,"RF,CF",1.0,14,7.0,0.228,8,607,1087,242,658,735,0.22263109475620976
735,Luis Martinez,LAA,C,1.0,11,10.0,0.22899999999999998,0,665,563,240,753,736,0.42628774422735344
736,Steve Clevenger,BAL,C,1.0,11,10.0,0.23399999999999999,0,651,632,240,741,737,0.379746835443038
737,Gerald Laird,ARI,C,1.0,11,10.0,0.24100000000000002,0,632,726,240,725,738,0.3305785123966942
738,Henry Urrutia,BAL,"RF,DH",1.0,11,10.0,0.253,0,704,890,240,694,739,0.2696629213483146
739,Tomas Telis,TEX,C,1.0,11,10.0,0.258,2,576,1188,240,630,740,0.20202020202020202
740,Mitch Maier,CHC,CF,2.0,9,6.0,0.207,1,747,545,238,756,741,0.43669724770642204
741,Doug Bernier,MIN,SS,1.0,12,9.0,0.228,1,751,693,231,735,742,0.3333333333333333
742,Jason Bourgeois,CIN,"LF,RF",1.0,12,9.0,0.244,4,663,1151,231,640,743,0.20069504778453517
743,Miguel Rojas,MIA,"3B,SS",1.0,12,9.0,0.214,1,758,574,231,752,744,0.4024390243902439
744,Alexi Casilla,BAL,2B,1.0,12,9.0,0.233,6,727,1084,231,660,745,0.21309963099630996
745,Tommy Joseph,PHI,"C,1B",2.0,7,7.0,0.222,0,693,484,229,761,746,0.4731404958677686
746,Tony Gwynn Jr.,PHI,"LF,CF",0.0,16,8.0,0.221,4,695,871,229,701,747,0.2629161882893226
747,Wil Nieves,SD,C,1.0,10,10.0,0.255,1,610,1049,223,673,748,0.21258341277407056
748,Austin Romine,NYY,C,1.0,11,9.0,0.223,0,677,475,212,762,749,0.4463157894736842
749,Travis Buck,FA,"RF,LF",1.0,11,9.0,0.222,0,744,467,212,764,750,0.4539614561027837
750,Mike Nickeas,TOR,C,1.0,9,10.0,0.198,0,735,338,211,775,751,0.6242603550295858
751,Jesus Sucre,SEA,C,1.0,9,10.0,0.222,0,697,466,211,765,752,0.45278969957081544
752,Ehire Adrianza,SF,"2B,SS",1.0,12,8.0,0.222,2,750,708,210,732,753,0.2966101694915254
753,Nick Punto,OAK,"2B,SS",1.0,12,8.0,0.22699999999999998,1,754,664,210,738,754,0.31626506024096385
754,Chone Figgins,LAD,"3B,LF",1.0,13,6.0,0.205,5,736,799,207,712,755,0.2590738423028786
755,Brett Hayes,KC,C,2.0,6,5.0,0.205,0,734,353,207,774,756,0.5864022662889519
756,Jason Bartlett,MIN,"LF,SS",0.0,15,8.0,0.21100000000000002,3,730,711,202,731,757,0.2841068917018284
757,Justin Sellers,PIT,"2B,SS",1.0,10,9.0,0.223,1,759,610,195,744,758,0.319672131147541
758,Leury Garcia,CWS,"2B,3B,CF",1.0,12,7.0,0.20800000000000002,8,703,891,193,693,759,0.2166105499438833
759,Greg Garcia,STL,2B,1.0,11,8.0,0.231,2,768,786,191,715,760,0.2430025445292621
760,Josh Wilson,TEX,2B,1.0,10,8.0,0.20800000000000002,0,777,337,174,776,761,0.516320474777448
761,Danny Worth,DET,"SS,3B",1.0,10,8.0,0.19399999999999998,2,772,536,174,757,762,0.3246268656716418
762,Wilfredo Tovar,NYM,SS,1.0,10,8.0,0.253,2,731,1067,174,665,763,0.16307403936269915
763,Humberto Quintero,SEA,C,1.0,7,9.0,0.231,0,692,515,163,760,764,0.31650485436893205
764,Bobby Wilson,TB,C,1.0,9,8.0,0.20800000000000002,0,718,325,162,777,765,0.49846153846153846
765,Andres Blanco,PHI,"3B,SS",1.0,10,7.0,0.23600000000000002,1,760,725,157,726,766,0.21655172413793103
766,Guillermo Quiroz,SF,C,1.0,8,8.0,0.21,0,724,322,150,778,767,0.4658385093167702
767,Koyie Hill,PHI,C,1.0,9,7.0,0.196,0,749,269,145,781,768,0.5390334572490706
768,Ali Solis,TB,C,1.0,7,8.0,0.2,0,738,270,142,780,769,0.5259259259259259
769,Tyler Holt,CLE,"RF,LF",0.0,13,7.0,0.23,5,699,914,135,691,770,0.14770240700218817
770,Tucker Barnhart,CIN,C,1.0,8,7.0,0.228,0,717,443,133,771,771,0.3002257336343115
771,John McDonald,LAA,"3B,SS",1.0,7,7.0,0.184,1,778,387,125,773,772,0.32299741602067183
772,Eric Fryer,MIN,C,1.0,8,6.0,0.21,1,712,446,122,769,773,0.273542600896861
773,Corky Miller,CIN,C,1.0,5,7.0,0.209,0,742,286,118,779,774,0.4125874125874126
774,Jose Constanza,ATL,LF,0.0,12,7.0,0.252,5,679,1188,110,631,775,0.09259259259259259
775,Juan Centeno,MIL,C,0.0,10,8.0,0.249,1,662,843,91,706,776,0.10794780545670225
776,John Baker,CHC,C,0.0,8,9.0,0.193,0,763,205,88,782,777,0.4292682926829268
777,Guilder Rodriguez,TEX,"3B,SS",0.0,11,6.0,0.22699999999999998,3,765,714,80,729,778,0.11204481792717087
778,Terrance Gore,KC,LF,0.0,11,4.0,0.205,11,685,807,74,710,779,0.09169764560099132
779,Lou Marson,FA,C,0.0,10,4.0,0.22,2,698,533,57,758,780,0.10694183864915573
780,Dan Robertson,LAA,SS,0.0,7,6.0,0.23800000000000002,2,766,711,31,730,781,0.04360056258790436
781,94 ,10 ,1 ,0.24600000000000002,2,0.28600000000000003,4.0,23,782,1562,16,529,782,0.010243277848911651
